y,title,director,dist,date,country,genre,grade,type2,type3,time,main1,main2,main3,b_screen,b_play,b_count,month,first_count
11202737,어벤져스: 인피니티 워,"안소니 루소,조 루소",월트디즈니컴퍼니코리아 유한책임회사,2018-04-25,미국,액션,12세이상관람가,상업영화,일반영화,149분 9초,로버트 다우니 주니어,조슈 브롤린,마크 러팔로,1,1,624,4,980042
10494499,어벤져스: 에이지 오브 울트론,조스 웨던,월트디즈니컴퍼니코리아(주),2015-04-23,미국,액션,12세이상관람가,상업영화,일반영화,141분 6초,로버트 다우니 주니어,크리스 헴스워스,마크 러팔로,6,13,3501,4,622165
10296101,겨울왕국,"크리스 벅,제니퍼 리",소니픽쳐스릴리징월트디즈니스튜디오스코리아(주),2014-01-16,미국,애니메이션,전체관람가,상업영화,일반영화,108분 2초,이디나 멘젤,크리스틴 벨,조나단 그로프,8,25,5623,1,160592
10273803,인터스텔라,크리스토퍼 놀란,워너브러더스 코리아(주),2014-11-06,미국,SF,12세이상관람가,상업영화,일반영화,169분 5초,매튜 매커너히,앤 해서웨이,마이클 케인,241,255,15181,11,227025
9001309,아이언맨 3,쉐인 블랙,소니픽쳐스릴리징월트디즈니스튜디오스코리아(주),2013-04-25,미국,액션,12세이상관람가,상업영화,일반영화,130분 22초,로버트 다우니 주니어,기네스 팰트로우,벤 킹슬리,2,2,697,4,422504
8677249,캡틴 아메리카: 시빌 워,"안소니 루소,조 루소",월트디즈니컴퍼니코리아(주),2016-04-27,미국,액션,12세이상관람가,상업영화,일반영화,147분 29초,크리스 에반스,로버트 다우니 주니어,스칼렛 요한슨,4,8,1264,4,727949
7784807,트랜스포머 3,마이클 베이,씨제이이앤엠(주),2011-06-29,미국,액션,12세이상관람가,상업영화,일반영화,152분 0초,조쉬 더하멜,존 말코비치,로지 헌팅턴-휘틀리,24,24,6543,6,544995
7575899,미션임파서블:고스트프로토콜,브래드 버드,씨제이이앤엠(주),2011-12-15,미국,액션,15세이상관람가,상업영화,일반영화,132분 0초,톰 크루즈,제레미 레너,NA,15,130,20350,12,264719
7257973,스파이더맨: 홈 커밍,존 와츠,소니픽쳐스엔터테인먼트코리아주식회사극장배급지점,2017-07-05,미국,액션,12세이상관람가,상업영화,일반영화,133분 16초,톰 홀랜드,로버트 다우니 주니어,마이클 키튼,8,17,6197,7,545302
7074867,어벤져스,조스 웨던,한국소니픽쳐스릴리징브에나비스타영화㈜,2012-04-26,미국,액션,12세이상관람가,상업영화,일반영화,142분 0초,로버트 다우니 주니어,스칼렛 요한슨,크리스 헴스워스,653,1463,79954,4,214105
6396528,다크 나이트 라이즈,크리스토퍼 놀란,워너브러더스 코리아(주),2012-07-19,미국,액션,15세이상관람가,상업영화,일반영화,164분 0초,크리스찬 베일,게리 올드만,앤 해서웨이,3,3,863,7,441089
6126488,미션 임파서블: 로그네이션,크리스토퍼 맥쿼리,롯데쇼핑㈜롯데엔터테인먼트,2015-07-30,미국,액션,15세이상관람가,상업영화,일반영화,131분 22초,톰 크루즈,제레미 레너,사이먼 페그,4,6,1251,7,471801
5911890,레미제라블,톰 후퍼,유니버설픽쳐스인터내셔널 코리아(유),2012-12-19,미국,드라마,12세이상관람가,상업영화,일반영화,158분 0초,휴 잭맨,러셀 크로우,앤 해서웨이,371,819,59207,12,283842
5546792,쥬라기 월드,콜린 트레보로우,유니버설픽쳐스인터내셔널 코리아(유),2015-06-11,미국,액션,12세이상관람가,상업영화,일반영화,124분 45초,크리스 프랫,주디 그리어,브라이스 달라스 하워드,7,8,2761,6,274719
5519298,쥬라기 월드: 폴른 킹덤,후안 안토니오 바요나,유니버설픽쳐스인터내셔널 코리아(유),2018-06-06,미국,액션,12세이상관람가,상업영화,일반영화,127분 36초,크리스 프랫,브라이스 달라스 하워드,제프 골드블럼,1,1,624,6,1183496
5446379,닥터 스트레인지,스콧 데릭슨,월트디즈니컴퍼니코리아(주),2016-10-26,미국,액션,12세이상관람가,상업영화,일반영화,114분 47초,베네딕트 컴버배치,레이첼 맥아담스,틸다 스윈튼,1173,2755,118546,10,435068
5399070,블랙 팬서,라이언 쿠글러,월트디즈니컴퍼니코리아 유한책임회사,2018-02-14,미국,액션,12세이상관람가,상업영화,일반영화,134분 22초,채드윅 보스만,마이클 B. 조던,루피타 뇽오,6,11,3023,2,630461
5295801,트랜스포머: 사라진 시대,마이클 베이,씨제이이앤엠(주),2014-06-25,미국,액션,12세이상관람가,상업영화,일반영화,164분 54초,마크 월버그,니콜라 펠츠,잭 레이너,10,14,3864,6,467419
5237525,월드 워 Z,마크 포스터,롯데쇼핑㈜롯데엔터테인먼트,2013-06-20,미국,드라마,15세이상관람가,상업영화,일반영화,115분 21초,브래드 피트,미레유 에노스,매튜 폭스,12,17,3348,6,239692
5137993,미녀와 야수,빌 콘돈,월트디즈니컴퍼니코리아 유한책임회사,2017-03-16,미국,멜로/로맨스,전체관람가,상업영화,일반영화,129분 6초,엠마 왓슨,댄 스티븐스,루크 에반스,4,7,2493,3,166930
4968687,인사이드 아웃,피트 닥터,월트디즈니컴퍼니코리아(주),2015-07-09,미국,애니메이션,전체관람가,상업영화,일반영화,101분 41초,다이안 레인,에이미 포엘러,카일 맥라클란,2,12,2534,7,68222
4945484,킹스맨: 골든 서클,매튜 본,이십세기폭스코리아(주),2017-09-27,미국,액션,청소년관람불가,상업영화,일반영화,140분 49초,콜린 퍼스,줄리안 무어,태런 에저튼,3,16,5735,9,481948
4875494,마션,리들리 스콧,이십세기폭스코리아(주),2015-10-08,미국,액션,12세이상관람가,상업영화,일반영화,142분 0초,맷 데이먼,제시카 차스테인,제프 다니엘스,16,42,10011,10,271226
4857152,토르: 라그나로크,타이카 와이티티,월트디즈니컴퍼니코리아 유한책임회사,2017-10-25,미국,액션,12세이상관람가,상업영화,일반영화,130분 21초,크리스 헴스워스,톰 히들스턴,케이트 블란쳇,5,7,2511,10,415741
4853123,어메이징 스파이더맨,마크 웹,한국소니픽쳐스릴리징브에나비스타영화㈜,2012-06-28,미국,액션,12세이상관람가,상업영화,일반영화,136분 0초,앤드류 가필드,엠마 스톤,마틴 쉰,7,23,5356,6,272155
4703245,주토피아,"바이론 하워드,리치 무어",월트디즈니컴퍼니코리아(주),2016-02-17,미국,애니메이션,전체관람가,상업영화,일반영화,108분 25초,지니퍼 굿윈,제이슨 베이트먼,샤키라,22,43,10460,2,35604
4697142,엣지 오브 투모로우,더그 라이만,워너브러더스 코리아(주),2014-06-04,미국,액션,12세이상관람가,상업영화,일반영화,113분 18초,톰 크루즈,에밀리 블런트,빌 팩스톤,478,1384,80680,6,377160
4666993,신비한 동물사전,데이빗 예이츠,워너브러더스 코리아(주),2016-11-16,미국,어드벤처,12세이상관람가,상업영화,일반영화,132분 40초,에디 레드메인,콜린 파렐,캐서린 워터스턴,3,8,2484,11,242775
4400298,해리포터와 죽음의 성물2,데이빗 예이츠,워너브러더스 코리아(주),2011-07-13,미국,판타지,전체관람가,상업영화,일반영화,131분 0초,다니엘 래드클리프,엠마 왓슨,루퍼트 그린트,2,4,1160,7,229946
4313871,엑스맨: 데이즈 오브 퓨처 패스트,브라이언 싱어,이십세기폭스코리아(주),2014-05-22,미국,액션,12세이상관람가,상업영화,일반영화,134분 23초,휴 잭맨,제임스 맥어보이,마이클 패스벤더,720,1738,91295,5,213000
4168350,어메이징 스파이더맨 2,마크 웹,소니픽쳐스릴리징월트디즈니스튜디오스코리아(주),2014-04-23,미국,액션,12세이상관람가,상업영화,일반영화,142분 25초,앤드류 가필드,엠마 스톤,제이미 폭스,7,12,3203,4,192229
4002134,혹성탈출: 반격의 서막,맷 리브스,이십세기폭스코리아(주),2014-07-10,미국,액션,12세이상관람가,상업영화,일반영화,130분 0초,앤디 서키스,게리 올드만,제이슨 클락,2,4,990,7,201723
3984812,쿵푸팬더3,"여인영,알레산드로 칼로니",씨제이이앤엠(주),2016-01-28,미국,애니메이션,전체관람가,상업영화,일반영화,94분 47초,잭 블랙,안젤리나 졸리,더스틴 호프만,4,11,2455,1,222044
3963220,캡틴 아메리카: 윈터 솔져,"조 루소,안소니 루소",소니픽쳐스릴리징월트디즈니스튜디오스코리아(주),2014-03-26,미국,액션,15세이상관람가,상업영화,일반영화,135분 42초,크리스 에반스,스칼렛 요한슨,사무엘 L. 잭슨,2,3,932,3,166787
3842441,매드 맥스: 분노의 도로,조지 밀러,워너브러더스 코리아(주),2015-05-14,미국,액션,15세이상관람가,상업영화,일반영화,120분 0초,톰 하디,샤를리즈 테론,니콜라스 홀트,18,19,3958,5,89736
3783375,데드풀 2,데이빗 레이치,이십세기폭스코리아(주),2018-05-16,미국,액션,청소년관람불가,상업영화,일반영화,117분 29초,라이언 레놀즈,조슈 브롤린,재지 비츠,1,4,1502,5,356445
3689325,미이라,알렉스 커츠먼,유니버설픽쳐스인터내셔널 코리아(유),2017-06-06,미국,액션,15세이상관람가,상업영화,일반영화,110분 7초,톰 크루즈,소피아 부텔라,애나벨 월리스,1,2,553,6,873117
3653238,분노의 질주: 더 익스트림,F. 게리 그레이,유니버설픽쳐스인터내셔널 코리아(유),2017-04-12,미국,액션,15세이상관람가,상업영화,일반영화,136분 7초,빈 디젤,드웨인 존슨,샤를리즈 테론,1,2,503,4,208481
3610642,인턴,낸시 마이어스,워너브러더스 코리아(주),2015-09-24,미국,코미디,12세이상관람가,상업영화,일반영화,121분 22초,앤 해서웨이,로버트 드니로,르네 루소,27,42,4306,9,50009
3579666,리얼 스틸,숀 레비,한국소니픽쳐스릴리징브에나비스타영화㈜,2011-10-12,미국,액션,12세이상관람가,상업영화,일반영화,127분 0초,휴 잭맨,NA,NA,248,1320,84003,10,63863
3570069,라라랜드,다미엔 차젤레,판씨네마(주),2016-12-07,미국,드라마,12세이상관람가,상업영화,일반영화,127분 53초,엠마 스톤,라이언 고슬링,핀 위트록,12,18,5172,12,62258
3510040,코코,리 언크리치,월트디즈니컴퍼니코리아 유한책임회사,2018-01-11,미국,애니메이션,전체관람가,상업영화,일반영화,126분 44초,가엘 가르시아 베르날,앤서니 곤잘레스,벤자민 브랫,17,50,10730,1,106921
3427464,비긴 어게인,존 카니,판씨네마(주),2014-08-13,미국,멜로/로맨스,15세이상관람가,다양성영화,예술영화,103분 58초,키이라 나이틀리,마크 러팔로,애덤 리바인,24,46,9215,8,12032
3379762,맨 인 블랙 3,배리 소넨필드,한국소니픽쳐스릴리징브에나비스타영화㈜,2012-05-24,미국,액션,12세이상관람가,상업영화,일반영화,106분 0초,윌 스미스,토미 리 존스,조슈 브롤린,4,22,5560,5,141261
3324861,슈퍼배드 3,"피에르 꼬팽,카일 발다",유니버설픽쳐스인터내셔널 코리아(유),2017-07-26,미국,애니메이션,전체관람가,상업영화,일반영화,89분 42초,스티브 카렐,크리스틴 위그,트레이 파커,4,5,1370,7,195774
3317196,데드풀,팀 밀러,이십세기폭스코리아(주),2016-02-17,미국,액션,청소년관람불가,상업영화,일반영화,107분 59초,라이언 레놀즈,모레나 바카린,에드 스크레인,827,3076,186267,2,252018
3273879,스타워즈: 깨어난 포스,J.J. 에이브럼스,월트디즈니컴퍼니코리아(주),2015-12-17,미국,액션,12세이상관람가,상업영화,일반영화,135분 10초,해리슨 포드,마크 해밀,캐리 피셔,7,9,2500,12,167315
3247558,분노의 질주: 더 세븐,제임스 완,유니버설픽쳐스인터내셔널 코리아(유),2015-04-01,미국,액션,15세이상관람가,상업영화,일반영화,137분 46초,빈 디젤,폴 워커,드웨인 존슨,1,1,397,4,135549
3239371,터미네이터 제니시스,앨런 테일러,롯데쇼핑㈜롯데엔터테인먼트,2015-07-02,미국,액션,15세이상관람가,상업영화,일반영화,125분 33초,아놀드 슈왈제네거,제이슨 클락,에밀리아 클라크,2,2,999,7,253699
3227452,그래비티,알폰소 쿠아론,"주식회사 해리슨앤컴퍼니,워너브러더스 코리아(주)",2013-10-17,미국,SF,12세이상관람가,상업영화,일반영화,90분 53초,산드라 블록,조지 클루니,NA,8,10,2613,10,110996
3130046,캐리비안의 해적: 낯선 조류,롭 마샬,한국소니픽쳐스릴리징브에나비스타영화㈜,2011-05-19,미국,액션,12세이상관람가,상업영화,일반영화,137분 0초,이안 맥쉐인,페넬로페 크루즈,조니 뎁,9,12,2670,5,182947
3100113,나우 유 씨 미 2,존 추,롯데쇼핑㈜롯데엔터테인먼트,2016-07-13,미국,범죄,12세이상관람가,상업영화,일반영화,129분 2초,제시 아이젠버그,마크 러팔로,우디 해럴슨,653,3431,303125,7,196279
3049894,캐리비안의 해적: 죽은 자는 말이 없다,"요아킴 뢰닝,에스펜 샌버그",월트디즈니컴퍼니코리아 유한책임회사,2017-05-24,미국,액션,12세이상관람가,상업영화,일반영화,128분 56초,조니 뎁,카야 스코델라리오,올랜도 블룸,4,5,1859,5,206541
3039889,토르: 다크 월드,앨런 테일러,소니픽쳐스릴리징월트디즈니스튜디오스코리아(주),2013-10-30,미국,액션,12세이상관람가,상업영화,일반영화,111분 53초,크리스 헴스워스,톰 히들스턴,나탈리 포트만,1,2,652,10,114775
3004647,레드: 더 레전드,딘 패리소트,롯데쇼핑㈜롯데엔터테인먼트,2013-07-18,미국,액션,15세이상관람가,상업영화,일반영화,115분 46초,브루스 윌리스,존 말코비치,메리-루이스 파커,3,6,1337,7,131462
3000056,드래곤 길들이기 2,딘 데블로이스,씨제이이앤엠(주),2014-07-23,미국,애니메이션,전체관람가,상업영화,일반영화,101분 47초,제이 바루첼,제라드 버틀러,케이트 블란쳇,16,28,4029,7,72041
2938818,엑스맨: 아포칼립스,브라이언 싱어,이십세기폭스코리아(주),2016-05-25,미국,액션,12세이상관람가,상업영화,일반영화,145분 20초,제임스 맥어보이,마이클 패스벤더,제니퍼 로렌스,7,21,4457,5,298816
2839921,앤트맨,페이튼 리드,월트디즈니컴퍼니코리아(주),2015-09-03,미국,액션,12세이상관람가,상업영화,일반영화,116분 56초,폴 러드,마이클 더글라스,에반젤린 릴리,3,5,1778,9,174587
2836774,호빗: 다섯 군대 전투,피터 잭슨,워너브러더스 코리아(주),2014-12-17,미국,어드벤처,12세이상관람가,상업영화,일반영화,144분 17초,마틴 프리먼,이안 맥켈런,리차드 아미티지,8,11,2295,12,188655
2818993,호빗: 뜻밖의 여정,피터 잭슨,워너브러더스 코리아(주),2012-12-13,미국,어드벤처,12세이상관람가,상업영화,일반영화,169분 0초,마틴 프리먼,이안 맥켈런,리차드 아미티지,2,4,1060,12,158070
2812427,메이즈 러너,웨스 볼,이십세기폭스코리아(주),2014-09-18,미국,액션,12세이상관람가,상업영화,일반영화,113분 18초,딜런 오브라이언,카야 스코델라리오,윌 폴터,7,24,5216,9,83355
2801949,빅 히어로,"돈 홀,크리스 윌리암스",월트디즈니컴퍼니코리아(주),2015-01-21,미국,애니메이션,전체관람가,상업영화,일반영화,107분 54초,라이언 포터,스콧 애짓,다니엘 헤니,25,191,9606,1,72487
2792705,덩케르크,크리스토퍼 놀란,워너브러더스 코리아(주),2017-07-20,미국,액션,12세이상관람가,상업영화,일반영화,106분 27초,톰 하디,마크 라이런스,케네스 브래너,20,39,6021,7,224242
2773794,혹성탈출: 진화의 시작,루퍼트 와이어트,이십세기폭스코리아(주),2011-08-17,미국,액션,12세이상관람가,상업영화,일반영화,106분 0초,브라이언 콕스,제임스 프랭코,프리다 핀토,251,1073,120984,8,116253
2744413,메이즈 러너: 스코치 트라이얼,웨스 볼,이십세기폭스코리아(주),2015-09-16,미국,액션,12세이상관람가,상업영화,일반영화,131분 35초,딜런 오브라이언,토마스 생스터,카야 스코델라리오,17,44,8833,9,111026
2735719,가디언즈 오브 갤럭시 VOL. 2,제임스 건,월트디즈니컴퍼니코리아 유한책임회사,2017-05-03,미국,액션,12세이상관람가,상업영화,일반영화,135분 34초,크리스 프랫,조 샐다나,데이브 바티스타,1033,2568,148489,5,422412
2718227,나우 유 씨 미 : 마술사기단,루이스 리테리어,롯데쇼핑㈜롯데엔터테인먼트,2013-08-22,미국,범죄,12세이상관람가,상업영화,일반영화,115분 12초,제시 아이젠버그,마크 러팔로,우디 해럴슨,7,22,4736,8,146606
2718158,미스 페레그린과 이상한 아이들의 집,팀 버튼,이십세기폭스코리아(주),2016-09-28,미국,미스터리,12세이상관람가,상업영화,일반영화,126분 43초,에바 그린,사무엘 L. 잭슨,아사 버터필드,5,17,3209,9,80715
2654817,브레이킹 던 part2,빌 콘돈,(주)넥스트엔터테인먼트월드(NEW),2012-11-15,미국,드라마,15세이상관람가,상업영화,일반영화,115분 0초,크리스틴 스튜어트,로버트 패틴슨,테일러 로트너,4,7,1751,11,198302
2625572,미니언즈,"피에르 꼬팽,카일 발다",유니버설픽쳐스인터내셔널 코리아(유),2015-07-29,미국,애니메이션,전체관람가,상업영화,일반영화,90분 55초,산드라 블록,존 햄,마이클 키튼,6,13,2053,7,193689
2614601,트랜스포머: 최후의 기사,마이클 베이,롯데쇼핑㈜롯데엔터테인먼트,2017-06-21,미국,액션,12세이상관람가,상업영화,일반영화,150분 33초,마크 월버그,안소니 홉킨스,로라 하드독,4,5,1839,6,285979
2611966,제이슨 본,폴 그린그래스,유니버설픽쳐스인터내셔널 코리아(유),2016-07-27,미국,액션,15세이상관람가,상업영화,일반영화,123분 10초,맷 데이먼,줄리아 스타일즈,토미 리 존스,1,2,555,7,308768
2601734,도리를 찾아서,앤드류 스탠튼,월트디즈니컴퍼니코리아(주),2016-07-06,미국,애니메이션,전체관람가,상업영화,일반영화,102분 57초,엘렌 드제너스,알버트 브룩스,다이안 키튼,7,8,2654,7,76938
2539114,퍼시픽 림,길예르모 델 토로,워너브러더스 코리아(주),2013-07-11,미국,액션,12세이상관람가,상업영화,일반영화,131분 17초,찰리 허냄,론 펄먼,이드리스 엘바,4,7,2085,7,209975
2532306,엑스맨: 퍼스트 클래스,매튜 본,이십세기폭스코리아(주),2011-06-02,미국,액션,12세이상관람가,상업영화,일반영화,132분 0초,로즈 번,재뉴어리 존스,마이클 패스벤더,347,801,27764,6,98052
2532051,정글북,존 파브로,월트디즈니컴퍼니코리아(주),2016-06-09,미국,어드벤처,12세이상관람가,상업영화,일반영화,105분 40초,닐 세티,빌 머레이,스칼렛 요한슨,5,24,6872,6,73355
2517805,마이펫의 이중생활,크리스 리노드,유니버설픽쳐스인터내셔널 코리아(유),2016-08-03,미국,애니메이션,전체관람가,상업영화,일반영화,90분 44초,스티브 쿠건,엘리 켐퍼,레이크 벨,11,16,3370,8,182044
2450023,보스 베이비,톰 맥그라스,씨제이이앤엠(주),2017-05-03,미국,애니메이션,전체관람가,상업영화,일반영화,97분 28초,알렉 볼드윈,리사 쿠드로,스티브 부세미,4,9,2222,5,237463
2376145,007 스카이폴,샘 멘데스,소니픽쳐스릴리징월트디즈니스튜디오스코리아(주),2012-10-26,미국,액션,15세이상관람가,상업영화,일반영화,143분 0초,다니엘 크레이그,하비에르 바르뎀,주디 덴치,2,4,987,10,201303
2315882,스파이,폴 페이그,이십세기폭스코리아(주),2015-05-21,미국,액션,15세이상관람가,상업영화,일반영화,121분 36초,주드 로,제이슨 스타뎀,멜리사 맥카시,69,136,13198,5,75330
2310054,모아나,"론 클레멘츠,존 머스커",월트디즈니컴퍼니코리아 유한책임회사,2017-01-12,미국,애니메이션,전체관람가,상업영화,일반영화,113분 29초,드웨인 존슨,아우이 크라발호,알란 터딕,16,23,5083,1,84797
2299751,메이즈 러너: 데스 큐어,웨스 볼,이십세기폭스코리아(주),2018-01-17,미국,액션,12세이상관람가,상업영화,일반영화,142분 41초,딜런 오브라이언,토마스 생스터,카야 스코델라리오,21,26,4961,1,225512
2282744,호빗: 스마우그의 폐허,피터 잭슨,워너브러더스 코리아(주),2013-12-12,미국,어드벤처,12세이상관람가,상업영화,일반영화,161분 4초,마틴 프리먼,베네딕트 컴버배치,케이트 블란쳇,3,3,798,12,139601
2262758,컨저링,제임스 완,워너브러더스 코리아(주),2013-09-17,미국,공포(호러),15세이상관람가,상업영화,일반영화,111분 46초,베라 파미가,패트릭 윌슨,릴리 테일러,22,49,5783,9,81130
2256913,배트맨 대 슈퍼맨: 저스티스의 시작,잭 스나이더,워너브러더스 코리아(주),2016-03-24,미국,액션,12세이상관람가,상업영화,일반영화,151분 27초,헨리 카빌,벤 애플렉,에이미 아담스,392,408,18850,3,219794
2253729,레디 플레이어 원,스티븐 스필버그,워너브러더스 코리아(주),2018-03-28,미국,액션,12세이상관람가,상업영화,일반영화,139분 49초,마크 라이런스,사이먼 페그,올리비아 쿡,4,9,3547,3,149784
2241687,배틀쉽,피터 버그,유니버설픽쳐스인터내셔널 코리아(유),2012-04-11,미국,SF,12세이상관람가,상업영화,일반영화,131분 0초,리암 니슨,테일러 키치,알렉산더 스카르가드,329,755,43322,4,387879
2239156,셜록홈즈 : 그림자 게임,가이 리치,워너브러더스 코리아(주),2011-12-21,미국,액션,15세이상관람가,상업영화,일반영화,128분 0초,로버트 다우니 주니어,주드 로,미셸멀로니,9,12,2607,12,71772
2182227,맨 오브 스틸,잭 스나이더,워너브러더스 코리아(주),2013-06-13,미국,SF,12세이상관람가,상업영화,일반영화,142분 50초,헨리 카빌,에이미 아담스,러셀 크로우,2,3,932,6,178949
2165401,원더 우먼,팻티 젠킨스,워너브러더스 코리아(주),2017-05-31,미국,액션,12세이상관람가,상업영화,일반영화,140분 55초,갤 가돗,로빈 라이트,크리스 파인,7,9,3316,5,206944
2138146,겟 아웃,조던 필레,유니버설픽쳐스인터내셔널 코리아(유),2017-05-17,미국,공포(호러),15세이상관람가,상업영화,일반영화,103분 55초,다니엘 칼루야,앨리슨 윌리암스,브래들리 휘트포드,1,1,274,5,92124
2084457,논스톱,자움 콜렛 세라,(주)넥스트엔터테인먼트월드(NEW),2014-02-27,미국,액션,15세이상관람가,상업영화,일반영화,106분 2초,리암 니슨,줄리안 무어,미쉘 독커리,24,36,3266,2,115832
2080154,장화신은 고양이,크리스 밀러,씨제이이앤엠(주),2012-01-12,미국,애니메이션,전체관람가,상업영화,일반영화,90분 0초,안토니오 반데라스,셀마 헤이엑,자크 갈리피아나키스,432,2211,36284,1,79382
2078492,인투 더 스톰,스티븐 쿼일,워너브러더스 코리아(주),2014-08-28,미국,액션,12세이상관람가,상업영화,일반영화,89분 8초,리차드 아미티지,사라 웨인 콜리스,제레미 섬터,7,20,2839,8,97234
2070084,로건,제임스 맨골드,이십세기폭스코리아(주),2017-03-01,미국,액션,청소년관람불가,상업영화,일반영화,137분 37초,휴 잭맨,패트릭 스튜어트,보이드 홀브룩,831,2240,99025,3,256255
2050909,혹성탈출: 종의 전쟁,맷 리브스,이십세기폭스코리아(주),2017-08-15,미국,액션,12세이상관람가,상업영화,일반영화,139분 58초,앤디 서키스,우디 해럴슨,스티브 잔,17,33,6423,8,568300
2026574,노아,대런 아로노프스키,씨제이이앤엠(주),2014-03-20,미국,어드벤처,15세이상관람가,상업영화,일반영화,139분 35초,러셀 크로우,엠마 왓슨,로건 레먼,9,24,4945,3,177380
2007180,레버넌트: 죽음에서 돌아온 자,알레한드로 곤잘레스 이냐리투,이십세기폭스코리아(주),2016-01-14,미국,어드벤처,15세이상관람가,상업영화,일반영화,156분 10초,레오나르도 디카프리오,톰 하디,NA,4,9,2566,1,124146
1971837,루시,뤽 베송,유니버설픽쳐스인터내셔널 코리아(유),2014-09-03,미국,액션,청소년관람불가,상업영화,일반영화,89분 22초,스칼렛 요한슨,모건 프리먼,최민식,5,10,3056,9,143617
1934192,애나벨 : 인형의 주인,데이비드 F. 샌드버그,워너브러더스 코리아(주),2017-08-10,미국,공포(호러),15세이상관람가,상업영화,일반영화,108분 58초,스테파니 시그만,알리시아 벨라 베일리,미란다 오토,492,793,29018,8,154719
1926201,컨저링 2,제임스 완,워너브러더스 코리아(주),2016-06-09,미국,공포(호러),15세이상관람가,상업영화,일반영화,131분 2초,베라 파미가,패트릭 윌슨,프란카 포텐테,4,12,2628,6,73335
1923748,터보,데이빗 소렌,씨제이이앤엠(주),2013-07-25,미국,애니메이션,전체관람가,상업영화,일반영화,95분 32초,라이언 레놀즈,폴 지아마티,마이클 페나,224,795,73339,7,63108
1898121,수어사이드 스쿼드,데이비드 에이어,워너브러더스 코리아(주),2016-08-03,미국,액션,15세이상관람가,상업영화,일반영화,122분 44초,윌 스미스,자레드 레토,마고 로비,9,10,2142,8,397666
1855917,지.아이.조 2,존 추,씨제이이앤엠(주),2013-03-28,미국,액션,15세이상관람가,상업영화,일반영화,110분 0초,이병헌,브루스 윌리스,드웨인 존슨,4,8,2315,3,119732
1790457,분노의 질주: 더 맥시멈,저스틴 린,유니버설픽쳐스인터내셔널 코리아(유),2013-05-22,미국,액션,15세이상관람가,상업영화,일반영화,130분 14초,빈 디젤,드웨인 존슨,폴 워커,12,48,6249,5,88558
1786386,저스티스 리그,잭 스나이더,워너브러더스 코리아(주),2017-11-15,미국,액션,12세이상관람가,상업영화,일반영화,119분 53초,벤 애플렉,갤 가돗,제이슨 모모아,5,6,2093,11,153553
1764233,나를 찾아줘,데이빗 핀처,이십세기폭스코리아(주),2014-10-23,미국,스릴러,청소년관람불가,상업영화,일반영화,148분 51초,벤 애플렉,로자먼드 파이크,닐 패트릭 해리스,19,31,5137,10,64919
1762070,걸리버 여행기,롭 레터맨,이십세기폭스코리아(주),2011-01-27,미국,코미디,전체관람가,상업영화,일반영화,87분 0초,잭 블랙,NA,NA,1,3,308,1,84845
1729426,씽,가스 제닝스,유니버설픽쳐스인터내셔널 코리아(유),2016-12-21,미국,애니메이션,전체관람가,상업영화,일반영화,107분 56초,매튜 매커너히,리즈 위더스푼,스칼렛 요한슨,9,24,5897,12,30628
1721757,킬러의 보디가드,패트릭 휴즈,"TCO(주)더콘텐츠온,(주)제이앤씨미디어그룹",2017-08-30,미국,액션,15세이상관람가,상업영화,일반영화,118분 16초,라이언 레놀즈,사무엘 L. 잭슨,셀마 헤이엑,40,130,16076,8,123601
1714071,샌 안드레아스,브래드 페이튼,워너브러더스 코리아(주),2015-06-03,미국,액션,12세이상관람가,상업영화,일반영화,114분 18초,드웨인 존슨,알렉산드리아 다다리오,NA,7,11,2778,6,92875
1708692,쥬만지: 새로운 세계,제이크 캐스단,소니픽쳐스엔터테인먼트코리아주식회사극장배급지점,2018-01-03,미국,액션,12세이상관람가,상업영화,일반영화,118분 19초,드웨인 존슨,잭 블랙,케빈 하트,4,12,2574,1,124782
1694529,토르: 천둥의 신,케네스 브래너,씨제이이앤엠(주),2011-04-28,미국,액션,12세이상관람가,상업영화,일반영화,130분 0초,스텔란 스카스가드,스튜어트 타운젠드,나탈리 포트만,1,2,2,4,81994
1685933,콩: 스컬 아일랜드,조던 복트-로버츠,워너브러더스 코리아(주),2017-03-08,미국,액션,12세이상관람가,상업영화,일반영화,118분 17초,톰 히들스턴,브리 라슨,사무엘 L. 잭슨,8,16,5018,3,93804
1675798,23 아이덴티티,M. 나이트 샤말란,유니버설픽쳐스인터내셔널 코리아(유),2017-02-22,미국,스릴러,15세이상관람가,상업영화,일반영화,117분 7초,제임스 맥어보이,안야 테일러 조이,헤일리 루 리차드슨,1,1,274,2,137005
1661230,마다가스카의 펭귄,"에릭 다넬,사이몬 J.스미스",씨제이이앤엠(주),2014-12-31,미국,애니메이션,전체관람가,상업영화,일반영화,91분 41초,베네딕트 컴버배치,존 말코비치,톰 맥그라스,9,18,3752,12,145138
1648070,아이스 에이지 4: 대륙 이동설,"스티브 마티노,마이크 트메이어",이십세기폭스코리아(주),2012-07-25,미국,애니메이션,전체관람가,상업영화,일반영화,92분 0초,존 레귀자모,레이 로마노,데니스 리어리,6,13,2715,7,43227
1626704,마다가스카3 : 이번엔 서커스다!,"에릭 다넬,톰 맥그라스,콘래드 베논",씨제이이앤엠(주),2012-06-06,미국,애니메이션,전체관람가,상업영화,일반영화,93분 0초,벤 스틸러,크리스 록,데이빗 쉼머,187,752,42373,6,226836
1605271,스타트렉 다크니스,J.J. 에이브럼스,씨제이이앤엠(주),2013-05-30,미국,액션,12세이상관람가,상업영화,일반영화,131분 56초,크리스 파인,칼 어번,조 샐다나,406,1926,96414,5,73961
1593116,300: 제국의 부활,노암 머로,워너브러더스 코리아(주),2014-03-06,미국,액션,청소년관람불가,상업영화,일반영화,102분 28초,레나 헤디,에바 그린,설리반 스탭플턴,2,4,1448,3,119549
1588373,라이프 오브 파이,이안,"주식회사 해리슨앤컴퍼니,이십세기폭스코리아(주)",2013-01-01,미국,어드벤처,전체관람가,다양성영화,예술영화,126분 51초,수라즈 샤르마,이르판 칸,라프 스팰,4,18,5090,1,161038
1561815,위플래쉬,다미엔 차젤레,(주)쇼박스,2015-03-12,미국,드라마,15세이상관람가,다양성영화,예술영화,106분 28초,마일즈 텔러,J.K. 시몬스,NA,45,266,32040,3,25816
1515356,오블리비언,조셉 코신스키,유니버설픽쳐스인터내셔널 코리아(유),2013-04-11,미국,액션,15세이상관람가,상업영화,일반영화,124분 33초,톰 크루즈,모건 프리먼,올가 쿠릴렌코,3,3,698,4,90976
1515104,몬스터 호텔 2,젠디 타타코브스키,유니버설픽쳐스인터내셔널 코리아(유),2015-12-24,미국,애니메이션,전체관람가,상업영화,일반영화,89분 9초,아담 샌들러,셀레나 고메즈,케빈 제임스,8,22,4469,12,57231
1511145,엑소더스: 신들과 왕들,리들리 스콧,이십세기폭스코리아(주),2014-12-03,미국,드라마,12세이상관람가,상업영화,일반영화,153분 31초,크리스찬 베일,조엘 에저튼,시고니 위버,6,12,3545,12,97384
1500830,인디펜던스 데이 : 리써전스,롤랜드 에머리히,이십세기폭스코리아(주),2016-06-22,미국,액션,12세이상관람가,상업영화,일반영화,119분 34초,빌 풀만,리암 헴스워스,제프 골드블럼,7,7,2307,6,168049
1462280,브레이킹 던 part1,빌 콘돈,(주)넥스트엔터테인먼트월드(NEW),2011-11-30,미국,드라마,15세이상관람가,상업영화,일반영화,117분 0초,로버트 패틴슨,크리스틴 스튜어트,NA,264,1042,94660,11,109502
1445124,위대한 개츠비,바즈 루어만,워너브러더스 코리아(주),2013-05-16,미국,드라마,15세이상관람가,상업영화,일반영화,141분 58초,레오나르도 디카프리오,캐리 뮬리건,토비 맥과이어,2,2,540,5,93346
1438056,다이하드: 굿 데이 투 다이,존 무어,이십세기폭스코리아(주),2013-02-06,미국,액션,15세이상관람가,상업영화,일반영화,96분 0초,브루스 윌리스,제이 코트니,메리 엘리자베스 윈스티드,7,11,2166,2,69810
1402816,위대한 쇼맨,마이클 그레이시,이십세기폭스코리아(주),2017-12-20,미국,드라마,12세이상관람가,상업영화,일반영화,104분 9초,휴 잭맨,잭 에프런,미쉘 윌리엄스,5,15,3583,12,40995
1399771,벤허,티무르 베크맘베토브,롯데쇼핑㈜롯데엔터테인먼트,2016-09-14,미국,어드벤처,12세이상관람가,상업영화,일반영화,123분 9초,잭 휴스턴,토비 켑벨,모건 프리먼,380,1005,20387,9,110492
1397526,말레피센트,로버트 스트롬버그,소니픽쳐스릴리징월트디즈니스튜디오스코리아(주),2014-05-29,미국,액션,12세이상관람가,상업영화,일반영화,97분 20초,안젤리나 졸리,엘르 패닝,NA,1,1,389,5,56603
1385515,램페이지,브래드 페이튼,워너브러더스 코리아(주),2018-04-12,미국,액션,12세이상관람가,상업영화,일반영화,107분 6초,드웨인 존슨,제프리 딘 모건,나오미 해리스,12,14,3727,4,74779
1382480,해피 데스데이,크리스토퍼 랜던,유니버설픽쳐스인터내셔널 코리아(유),2017-11-08,미국,공포(호러),15세이상관람가,상업영화,일반영화,96분 12초,제시카 로테,이스라엘 브로우사드,NA,1,3,588,11,45059
1373873,폼페이: 최후의 날,폴 W.S. 앤더슨,롯데쇼핑㈜롯데엔터테인먼트,2014-02-20,미국,액션,15세이상관람가,상업영화,일반영화,104분 20초,킷 해링턴,에밀리 브라우닝,키퍼 서덜랜드,9,12,2529,2,76924
1362114,퓨리,데이비드 에이어,소니픽쳐스릴리징월트디즈니스튜디오스코리아(주),2014-11-20,미국,액션,15세이상관람가,상업영화,일반영화,134분 27초,브래드 피트,로건 레먼,샤이아 라보프,10,17,4817,11,74695
1338411,신들의 전쟁,타셈 싱,(주)넥스트엔터테인먼트월드(NEW),2011-11-10,미국,드라마,청소년관람불가,상업영화,일반영화,110분 0초,미키 루크,헨리 카빌,프리다 핀토,384,985,33542,11,86454
1328394,굿 다이노,피터 손,월트디즈니컴퍼니코리아(주),2016-01-07,미국,애니메이션,전체관람가,상업영화,일반영화,100분 37초,NA,NA,NA,3,5,1270,1,74492
1311190,가디언즈 오브 갤럭시,제임스 건,소니픽쳐스릴리징월트디즈니스튜디오스코리아(주),2014-07-31,미국,액션,12세이상관람가,상업영화,일반영화,120분 42초,크리스 프랫,조 샐다나,데이브 바티스타,2,3,1005,7,121866
1307226,에이리언: 커버넌트,리들리 스콧,이십세기폭스코리아(주),2017-05-09,미국,SF,15세이상관람가,상업영화,일반영화,121분 55초,마이클 패스벤더,캐서린 워터스턴,제임스 프랭코,2,7,1843,5,279185
1277301,소스 코드,던칸 존스,"(주)시너지하우스 (시너지),롯데쇼핑㈜롯데엔터테인먼트",2011-05-04,미국,액션,12세이상관람가,상업영화,일반영화,93분 0초,미셸 모나한,제이크 질렌할,베라 파미가,28,48,10343,5,62694
1251737,오션스8,게리 로스,워너브러더스 코리아(주),2018-06-13,미국,액션,12세이상관람가,상업영화,일반영화,110분 2초,산드라 블록,케이트 블란쳇,앤 해서웨이,9,18,4731,6,195523
1231024,메리다와 마법의 숲,"마크 앤드류스,브렌다 채프먼",한국소니픽쳐스릴리징브에나비스타영화㈜,2012-09-27,미국,애니메이션,전체관람가,상업영화,일반영화,102분 0초,켈리 맥도날드,빌리 코놀리,엠마 톰슨,13,38,5504,9,9784
1219637,토탈 리콜,렌 와이즈먼,한국소니픽쳐스릴리징브에나비스타영화㈜,2012-08-15,미국,SF,15세이상관람가,상업영화,일반영화,118분 0초,콜린 파렐,케이트 베킨세일,제시카 비엘,14,49,7450,8,250229
1207732,엘리시움,닐 블롬캠프,소니픽쳐스릴리징월트디즈니스튜디오스코리아(주),2013-08-29,미국,SF,청소년관람불가,상업영화,일반영화,109분 24초,맷 데이먼,조디 포스터,샬토 코플리,9,13,2546,8,132038
1169839,웜 바디스,조나단 레빈,씨제이이앤엠(주),2013-03-14,미국,멜로/로맨스,15세이상관람가,상업영화,일반영화,97분 0초,니콜라스 홀트,테레사 팔머,존 말코비치,9,10,3332,3,77239
1163120,워크래프트: 전쟁의 서막,던칸 존스,유니버설픽쳐스인터내셔널 코리아(유),2016-06-09,미국,액션,12세이상관람가,상업영화,일반영화,122분 57초,트래비스 핌멜,벤 포스터,폴라 패튼,3,6,2181,6,114226
1157472,스타트렉 비욘드,저스틴 린,롯데쇼핑㈜롯데엔터테인먼트,2016-08-17,미국,액션,12세이상관람가,상업영화,일반영화,122분 14초,크리스 파인,사이먼 페그,조 샐다나,10,27,7950,8,83066
1149628,잃어버린 세계를 찾아서 2: 신비의 섬,브래드 페이튼,워너브러더스 코리아(주),2012-01-19,미국,액션,전체관람가,상업영화,일반영화,94분 0초,드웨인 존슨,마이클 케인,조쉬 허처슨,1,1,2,1,46776
1125739,헝거게임: 캣칭 파이어,프란시스 로렌스,롯데쇼핑㈜롯데엔터테인먼트,2013-11-21,미국,판타지,15세이상관람가,상업영화,일반영화,146분 2초,제니퍼 로렌스,조쉬 허처슨,리암 헴스워스,10,13,2845,11,74320
1111158,라이트 아웃,데이비드 F. 샌드버그,워너브러더스 코리아(주),2016-08-24,미국,공포(호러),15세이상관람가,상업영화,일반영화,80분 49초,테레사 팔머,알리시아 벨라 베일리,가브리엘 베이트먼,222,561,12545,8,57997
1101678,박물관이 살아있다 : 비밀의 무덤,숀 레비,이십세기폭스코리아(주),2015-01-14,미국,어드벤처,전체관람가,상업영화,일반영화,97분 40초,벤 스틸러,로빈 윌리엄스,댄 스티븐스,8,20,4295,1,51438
1077238,퍼시픽 림: 업라이징,스티븐 S. 드나이트,유니버설픽쳐스인터내셔널 코리아(유),2018-03-21,미국,액션,15세이상관람가,상업영화,일반영화,110분 44초,존 보예가,스콧 이스트우드,케일리 스패니,1,1,200,3,114862
1075584,가디언즈,피터 램지,씨제이이앤엠(주),2012-11-29,미국,애니메이션,전체관람가,상업영화,일반영화,97분 0초,크리스 파인,알렉 볼드윈,휴 잭맨,197,848,65019,11,19554
1075333,더 울버린,제임스 맨골드,이십세기폭스코리아(주),2013-07-25,미국,액션,15세이상관람가,상업영화,일반영화,128분 44초,휴 잭맨,사나다 히로유키,윌 윤 리,596,1660,57625,7,138359
1028384,지오스톰,"딘 데블린,대니 캐넌",워너브러더스 코리아(주),2017-10-19,미국,액션,12세이상관람가,상업영화,일반영화,108분 58초,캐서린 윈닉,제라드 버틀러,짐 스터게스,6,7,1456,10,87805
1027438,개구쟁이 스머프,라자 고스넬,한국소니픽쳐스릴리징브에나비스타영화㈜,2011-08-11,미국,애니메이션,전체관람가,상업영화,일반영화,101분 0초,닐 패트릭 해리스,행크 아자리아,NA,9,14,2396,8,48777
1019309,로그 원: 스타워즈 스토리,가렛 에드워즈,월트디즈니컴퍼니코리아 유한책임회사,2016-12-28,미국,액션,12세이상관람가,상업영화,일반영화,133분 46초,펠리시티 존스,디에고 루나,매즈 미켈슨,34,36,2331,12,145102
1015711,본 레거시,토니 길로이,유니버설픽쳐스인터내셔널 코리아(유),2012-09-06,미국,액션,15세이상관람가,상업영화,일반영화,135분 0초,제레미 레너,레이첼 와이즈,에드워드 노튼,3,3,700,9,95550
1006075,라푼젤,"네이슨 그레노,바이론 하워드",한국소니픽쳐스릴리징브에나비스타영화㈜,2011-02-10,미국,애니메이션,전체관람가,상업영화,일반영화,100분 0초,재커리 레비,맨디 무어,네이슨 그레노,20,318,21938,2,22031
999047,맨 인 더 다크,페드 알바레즈,유니버설픽쳐스인터내셔널 코리아(유),2016-10-05,미국,스릴러,청소년관람불가,상업영화,일반영화,88분 23초,제인 레비,딜런 미네트,스티븐 랭,304,1407,43283,10,61267
979739,파퍼씨네 펭귄들,마크 워터스,이십세기폭스코리아(주),2011-09-07,미국,코미디,전체관람가,상업영화,일반영화,95분 0초,안젤라 랜스베리,짐 캐리,칼라 구기노,1,2,648,9,10258
979509,로보캅,호세 파딜라,소니픽쳐스릴리징월트디즈니스튜디오스코리아(주),2014-02-13,미국,액션,12세이상관람가,상업영화,일반영화,117분 19초,조엘 키나만,사무엘 L. 잭슨,게리 올드만,4,7,1930,2,92373
973703,에픽 : 숲속의 전설,크리스 웻지,이십세기폭스코리아(주),2013-08-07,미국,애니메이션,전체관람가,상업영화,일반영화,102분 23초,아만다 사이프리드,조쉬 허처슨,콜린 파렐,6,40,9196,8,53747
970275,프로메테우스,리들리 스콧,이십세기폭스코리아(주),2012-06-06,미국,SF,청소년관람불가,상업영화,일반영화,123분 0초,누미 라파스,마이클 패스벤더,샤를리즈 테론,376,998,48994,6,177078
959578,스타워즈: 라스트 제다이,라이언 존슨,월트디즈니컴퍼니코리아 유한책임회사,2017-12-14,미국,액션,12세이상관람가,상업영화,일반영화,151분 38초,마크 해밀,캐리 피셔,아담 드라이버,2,5,977,12,115246
956154,잭 더 자이언트 킬러,브라이언 싱어,워너브러더스 코리아(주),2013-02-28,미국,판타지,12세이상관람가,상업영화,일반영화,114분 0초,니콜라스 홀트,이완 맥그리거,엘레노어 톰린슨,1,1,303,2,113999
953871,스텝업4 : 레볼루션,스콧 스피어,롯데쇼핑㈜롯데엔터테인먼트,2012-08-15,미국,멜로/로맨스,12세이상관람가,상업영화,일반영화,98분 0초,라이언 구즈만,캐서린 맥코믹,메간 본,168,778,43569,8,79915
941672,월터의 상상은 현실이 된다,벤 스틸러,"글뫼 주식회사,이십세기폭스코리아(주)",2013-12-31,미국,어드벤처,12세이상관람가,상업영화,일반영화,114분 24초,벤 스틸러,크리스틴 위그,숀 펜,32,74,13490,12,93788
941615,크루즈 패밀리,"커크 드 미코,크리스 샌더스",씨제이이앤엠(주),2013-05-16,미국,애니메이션,전체관람가,상업영화,일반영화,98분 54초,니콜라스 케이지,라이언 레놀즈,엠마 스톤,267,1066,72639,5,14114
939658,미 비포 유,테아 샤록,워너브러더스 코리아(주),2016-06-01,미국,멜로/로맨스,12세이상관람가,상업영화,일반영화,110분 11초,에밀리아 클라크,샘 클라플린,매튜 루이스,8,22,5323,6,25214
925813,애나벨,존 R. 레오네티,워너브러더스 코리아(주),2014-10-02,미국,공포(호러),15세이상관람가,상업영화,일반영화,98분 38초,애나벨 월리스,워드 호튼,알프레 우다드,175,184,5120,10,81019
925108,슈퍼배드 2,"크리스 리노드,피에르 꼬팽",유니버설픽쳐스인터내셔널 코리아(유),2013-09-12,미국,애니메이션,전체관람가,상업영화,일반영화,98분 16초,알 파치노,스티브 카렐,미란다 코스그로브,297,2480,165333,9,6262
921317,매그니피센트 7,안톤 후쿠아,유니버설픽쳐스인터내셔널 코리아(유),2016-09-14,미국,액션,15세이상관람가,상업영화,일반영화,132분 40초,덴젤 워싱턴,크리스 프랫,이병헌,464,1241,35356,9,112370
918678,갓 오브 이집트,알렉스 프로야스,"(주)시네마서비스,(주)나이너스엔터테인먼트",2016-03-03,미국,어드벤처,12세이상관람가,상업영화,일반영화,126분 55초,제라드 버틀러,니콜라이 코스터 왈도,코트니 이튼,7,14,2930,3,56814
918183,주먹왕 랄프,리치 무어,소니픽쳐스릴리징월트디즈니스튜디오스코리아(주),2012-12-19,미국,애니메이션,전체관람가,상업영화,일반영화,108분 0초,존 C. 레일리,잭 맥브레이어,제인 린치,118,411,34284,12,96214
893027,타이탄의 분노,조나단 리브스만,워너브러더스 코리아(주),2012-03-29,미국,액션,12세이상관람가,상업영화,일반영화,100분 0초,샘 워싱턴,리암 니슨,랄프 파인즈,1,1,303,3,71799
888386,그것,안드레스 무시에티,워너브러더스 코리아(주),2017-09-06,미국,공포(호러),15세이상관람가,상업영화,일반영화,134분 31초,빌 스카스가드,핀 울프하드,하비에르 보텟,4,9,1268,9,76925
884885,몬스터 호텔,젠디 타타코브스키,소니픽쳐스릴리징월트디즈니스튜디오스코리아(주),2013-01-17,미국,애니메이션,전체관람가,상업영화,일반영화,91분 0초,아담 샌들러,스티브 부세미,프란 드레셔,13,21,4402,1,53476
875481,메가마인드,톰 맥그라스,씨제이엔터테인먼트,2011-01-13,미국,애니메이션,전체관람가,상업영화,일반영화,95분 0초,윌 페렐,브래드 피트,NA,27,95,15213,1,38769
873396,디스 민즈 워,맥지,이십세기폭스코리아(주),2012-02-29,미국,액션,15세이상관람가,상업영화,일반영화,97분 0초,리즈 위더스푼,크리스 파인,톰 하디,8,9,2411,2,35337
870065,몬스터 대학교,댄 스캔론,소니픽쳐스릴리징월트디즈니스튜디오스코리아(주),2013-09-12,미국,애니메이션,전체관람가,상업영화,일반영화,110분 26초,빌리 크리스탈,존 굿맨,스티브 부세미,20,57,12645,9,9957
869805,개구쟁이 스머프 2,라자 고스넬,소니픽쳐스릴리징월트디즈니스튜디오스코리아(주),2013-08-01,미국,애니메이션,전체관람가,상업영화,일반영화,104분 46초,박명수,닐 패트릭 해리스,크리스티나 리치,346,895,51983,8,92058
864757,오리엔트 특급 살인,케네스 브래너,이십세기폭스코리아(주),2017-11-29,미국,드라마,12세이상관람가,상업영화,일반영화,113분 47초,케네스 브래너,페넬로페 크루즈,윌렘 데포,1,4,1101,11,94340
858402,레전드 오브 타잔,데이빗 예이츠,워너브러더스 코리아(주),2016-06-29,미국,액션,12세이상관람가,상업영화,일반영화,109분 48초,알렉산더 스카스가드,마고 로비,크리스토프 왈츠,12,13,2811,6,84540
854377,헝거게임: 모킹제이,프란시스 로렌스,롯데쇼핑㈜롯데엔터테인먼트,2014-11-20,미국,어드벤처,15세이상관람가,상업영화,일반영화,122분 41초,제니퍼 로렌스,조쉬 허처슨,리암 헴스워스,16,19,4619,11,88152
837426,존 카터: 바숨 전쟁의 서막,앤드류 스탠튼,한국소니픽쳐스릴리징브에나비스타영화㈜,2012-03-08,미국,SF,12세이상관람가,상업영화,일반영화,132분 0초,테일러 키치,린 콜린스,윌렘 데포,15,28,3581,3,41747
825517,인시디어스 3,리 워넬,유니버설픽쳐스인터내셔널 코리아(유),2015-07-09,미국,공포(호러),15세이상관람가,상업영화,일반영화,97분 13초,스테파니 스콧,더못 멀로니,린 샤예,1,1,173,7,38555
820995,브리짓 존스의 베이비,샤론 맥과이어,유니버설픽쳐스인터내셔널 코리아(유),2016-09-28,미국,코미디,15세이상관람가,상업영화,일반영화,122분 32초,르네 젤위거,콜린 퍼스,패트릭 뎀시,349,1620,49757,9,41530
809755,하트 오브 더 씨,론 하워드,워너브러더스 코리아(주),2015-12-03,미국,액션,12세이상관람가,상업영화,일반영화,121분 33초,크리스 헴스워스,킬리언 머피,벤 위쇼,17,19,1701,12,44675
806709,헝거게임: 더 파이널,프란시스 로렌스,롯데쇼핑㈜롯데엔터테인먼트,2015-11-18,미국,액션,15세이상관람가,상업영화,일반영화,136분 45초,제니퍼 로렌스,조쉬 허처슨,리암 헴스워스,1,2,802,11,46781
800062,하늘에서 음식이 내린다면 2,"코디 카메론,크리스 피언",소니픽쳐스릴리징월트디즈니스튜디오스코리아(주),2013-11-21,미국,애니메이션,전체관람가,상업영화,일반영화,94분 40초,빌 헤이더,안나 패리스,닐 패트릭 해리스,1,1,58,11,11643
784031,잭 리처,크리스토퍼 맥쿼리,씨제이이앤엠(주),2013-01-17,미국,액션,15세이상관람가,상업영화,일반영화,130분 0초,톰 크루즈,로자문드 파이크,로버트 듀발,3,9,1139,1,75139
773649,그랜드 부다페스트 호텔,웨스 앤더슨,이십세기폭스코리아(주),2014-03-20,미국,미스터리,청소년관람불가,다양성영화,예술영화,99분 39초,랄프 파인즈,틸다 스윈튼,주드 로,12,19,2231,3,8041
765259,레지던트 이블: 파멸의 날,폴 W.S. 앤더슨,유니버설픽쳐스인터내셔널 코리아(유),2017-01-25,미국,액션,청소년관람불가,상업영화,일반영화,106분 26초,밀라 요보비치,알리 라터,이아인 글렌,1,1,401,1,71038
764072,공각기동대 : 고스트 인 더 쉘,루퍼트 샌더스,롯데쇼핑㈜롯데엔터테인먼트,2017-03-29,미국,SF,15세이상관람가,상업영화,일반영화,106분 46초,스칼렛 요한슨,마이클 피트,마이클 윈코트,3,4,1183,3,114618
761404,리오 2,카를로스 살다나,이십세기폭스코리아(주),2014-05-01,미국,애니메이션,전체관람가,상업영화,일반영화,101분 6초,제시 아이젠버그,앤 해서웨이,레슬리 만,10,23,4309,5,45775
744387,"안녕, 헤이즐",조쉬 분,이십세기폭스코리아(주),2014-08-13,미국,드라마,12세이상관람가,상업영화,일반영화,125분 46초,쉐일린 우들리,안셀 엘고트,냇 울프,23,29,4877,8,29696
731551,런던 해즈 폴른,바박 나자피,메가박스중앙(주)플러스엠,2016-03-10,미국,액션,15세이상관람가,상업영화,일반영화,97분 15초,제라드 버틀러,아론 에크하트,모건 프리먼,3,4,768,3,36440
716386,신데렐라,케네스 브래너,월트디즈니컴퍼니코리아(주),2015-03-19,미국,멜로/로맨스,전체관람가,상업영화,일반영화,113분 9초,릴리 제임스,리처드 매든,케이트 블란쳇,40,43,8162,3,34177
709734,고질라,가렛 에드워즈,워너브러더스 코리아(주),2014-05-15,미국,액션,12세이상관람가,상업영화,일반영화,122분 56초,애런 존슨,브라이언 크랜스톤,엘리자베스 올슨,1,1,303,5,89080
696412,트랜센던스,월리 피스터,롯데쇼핑㈜롯데엔터테인먼트,2014-05-14,미국,SF,12세이상관람가,상업영화,일반영화,119분 6초,조니 뎁,레베카 홀,모건 프리먼,4,6,1436,5,47918
689071,인페르노,론 하워드,유니버설픽쳐스인터내셔널 코리아(유),2016-10-19,미국,미스터리,15세이상관람가,상업영화,일반영화,121분 27초,톰 행크스,펠리시티 존스,벤 포스터,19,32,5031,10,60052
681945,픽셀,크리스 콜럼버스,유니버설픽쳐스인터내셔널 코리아(유),2015-07-16,미국,액션,12세이상관람가,상업영화,일반영화,105분 42초,아담 샌들러,케빈 제임스,미셸 모나한,1,2,457,7,68692
680606,앵그리버드 더 무비,"퍼갈 레일리,클레이 케이티스",유니버설픽쳐스인터내셔널 코리아(유),2016-05-19,미국,애니메이션,전체관람가,상업영화,일반영화,97분 5초,NA,NA,NA,7,9,1517,5,10198
675966,트롤,"마이크 미첼,월트 도른",씨제이이앤엠(주),2017-02-16,미국,애니메이션,전체관람가,상업영화,일반영화,92분 19초,안나 켄드릭,저스틴 팀버레이크,주이 디샤넬,5,10,1978,2,29500
668576,패신저스,모튼 틸덤,유니버설픽쳐스인터내셔널 코리아(유),2017-01-04,미국,어드벤처,12세이상관람가,상업영화,일반영화,116분 0초,크리스 프랫,제니퍼 로렌스,마이클 쉰,1,1,401,1,85044
654386,아이 엠 넘버 포,D.J. 카루소,한국소니픽쳐스릴리징브에나비스타영화㈜,2011-02-24,미국,액션,12세이상관람가,상업영화,일반영화,103분 0초,티모시 올리펀트,알렉스 페티퍼,NA,2,3,540,2,45495
654212,엔더스 게임,개빈 후드,롯데쇼핑㈜롯데엔터테인먼트,2013-12-31,미국,SF,12세이상관람가,상업영화,일반영화,113분 36초,해리슨 포드,아사 버터필드,헤일리 스테인펠드,176,609,40746,12,125787
645191,리오,카를로스 살다나,이십세기폭스코리아(주),2011-07-27,미국,애니메이션,전체관람가,상업영화,일반영화,96분 0초,송중기,박보영,NA,12,293,10518,7,28871
641099,머니볼,베넷 밀러,한국소니픽쳐스릴리징브에나비스타영화㈜,2011-11-17,미국,드라마,12세이상관람가,상업영화,일반영화,132분 0초,조나 힐,브래드 피트,NA,27,35,6890,11,35378
636631,스노우 화이트 앤 더 헌츠맨,루퍼트 샌더스,유니버설픽쳐스인터내셔널 코리아(유),2012-05-30,미국,액션,12세이상관람가,상업영화,일반영화,127분 0초,샤를리즈 테론,크리스틴 스튜어트,크리스 헴스워스,285,1815,118328,5,30024
629322,컨택트,드니 빌뇌브,유니버설픽쳐스인터내셔널 코리아(유),2017-02-02,미국,SF,12세이상관람가,상업영화,일반영화,116분 22초,에이미 아담스,제레미 레너,포레스트 휘테커,18,28,4830,2,54584
627102,설리: 허드슨강의 기적,클린트 이스트우드,워너브러더스 코리아(주),2016-09-28,미국,드라마,12세이상관람가,상업영화,일반영화,95분 41초,톰 행크스,아론 에크하트,로라 린니,343,1705,45109,9,33583
622286,아더 크리스마스,베리 쿡,한국소니픽쳐스릴리징브에나비스타영화㈜,2011-11-25,미국,애니메이션,전체관람가,상업영화,일반영화,97분 0초,빌 나이히,휴 로리,짐 브로드벤트,20,41,7160,11,12039
616943,인 타임,앤드류 니콜,이십세기폭스코리아(주),2011-10-27,미국,SF,12세이상관람가,상업영화,일반영화,109분 0초,아만다 사이프리드,킬리언 머피,저스틴 팀버레이크,2,2,250,10,36097
612328,잭 리처: 네버 고 백,에드워드 즈윅,롯데쇼핑㈜롯데엔터테인먼트,2016-11-30,미국,액션,15세이상관람가,상업영화,일반영화,118분 0초,톰 크루즈,코비 스멀더스,로버트 네퍼,19,35,4725,11,111255
606531,헝거게임: 판엠의 불꽃,게리 로스,롯데쇼핑㈜롯데엔터테인먼트,2012-04-05,미국,액션,15세이상관람가,상업영화,일반영화,142분 0초,제니퍼 로렌스,조쉬 허처슨,리암 헴스워스,14,22,4577,4,39051
599963,다이노소어 어드벤처 3D,"베리 쿡,닐 나이팅게일",이십세기폭스코리아(주),2013-12-19,미국,액션,전체관람가,상업영화,일반영화,87분 25초,배한성,이광수,NA,2,5,825,12,11259
598373,콜롬비아나,올리비에 메가턴,"(주)시너지하우스 (시너지),롯데쇼핑㈜롯데엔터테인먼트",2011-08-31,미국,액션,15세이상관람가,상업영화,일반영화,105분 0초,칼럼 블루,조 샐다나,NA,188,635,41715,8,28186
591841,맨 온 렛지,애스게르 레스,롯데쇼핑㈜롯데엔터테인먼트,2012-02-22,미국,범죄,15세이상관람가,상업영화,일반영화,102분 0초,샘 워싱턴,엘리자베스 뱅크스,NA,26,49,8889,2,28012
585082,더 울프 오브 월스트리트,마틴 스콜세지,주식회사 우리네트웍스,2014-01-09,미국,범죄,청소년관람불가,상업영화,일반영화,179분 18초,레오나르도 디카프리오,매튜 매커너히,조나 힐,6,7,1464,1,38282
582126,다크 섀도우,팀 버튼,워너브러더스 코리아(주),2012-05-10,미국,드라마,15세이상관람가,상업영화,일반영화,112분 0초,조니 뎁,미쉘 파이퍼,에바 그린,6,7,2097,5,57275
576150,백설공주,타셈 싱,롯데쇼핑㈜롯데엔터테인먼트,2012-05-03,미국,판타지,전체관람가,상업영화,일반영화,108분 0초,줄리아 로버츠,릴리 콜린스,아미 해머,19,198,10807,5,26499
573657,채피,닐 블롬캠프,유니버설픽쳐스인터내셔널 코리아(유),2015-03-12,미국,액션,15세이상관람가,상업영화,일반영화,120분 10초,휴 잭맨,샬토 코플리,시고니 위버,2,3,1003,3,45334
571074,섀도우 헌터스: 뼈의 도시,해럴드 즈워트,롯데쇼핑㈜롯데엔터테인먼트,2013-09-12,미국,판타지,15세이상관람가,상업영화,일반영화,129분 49초,릴리 콜린스,제이미 캠벨 바우어,케빈 지거스,2,3,978,9,34177
570010,루퍼,라이언 존슨,(주)에스비에스콘텐츠허브,2012-10-11,미국,SF,청소년관람불가,상업영화,일반영화,119분 0초,조셉 고든 레빗,브루스 윌리스,에밀리 블런트,45,64,13855,10,33094
569500,화이트 하우스 다운,롤랜드 에머리히,소니픽쳐스릴리징월트디즈니스튜디오스코리아(주),2013-06-27,미국,액션,15세이상관람가,상업영화,일반영화,131분 33초,채닝 테이텀,제이미 폭스,매기 질렌할,5,7,2422,6,60803
560620,스텝 업: 올 인,트리시 시에,(주)나이너스엔터테인먼트,2014-09-03,미국,드라마,12세이상관람가,상업영화,일반영화,111분 44초,라이언 구즈만,브리아나 에비건,애덤 G. 세바니,10,32,5654,9,32719
558433,레지던트 이블 5 : 최후의 심판,폴 W.S. 앤더슨,한국소니픽쳐스릴리징브에나비스타영화㈜,2012-09-13,미국,액션,청소년관람불가,상업영화,일반영화,95분 0초,밀라 요보비치,미셸 로드리게즈,리빙빙,1,2,411,9,57821
554535,인시디어스4: 라스트 키,애덤 로비텔,소니픽쳐스엔터테인먼트코리아주식회사극장배급지점,2018-01-31,미국,공포(호러),15세이상관람가,상업영화,일반영화,103분 2초,스펜서 로크,린 샤예,조시 스튜어트,1,2,378,1,102994
553760,아이스 에이지: 지구 대충돌,마이크 트메이어,이십세기폭스코리아(주),2016-07-20,미국,애니메이션,전체관람가,상업영화,일반영화,94분 27초,존 레귀자모,레이 로마노,제니퍼 로페즈,12,23,3824,7,14207
551897,메카닉: 리크루트,데니스 간젤,(주)제이앤씨미디어그룹,2016-08-31,미국,액션,15세이상관람가,상업영화,일반영화,97분 43초,제이슨 스타뎀,제시카 알바,토미 리 존스,3,10,1681,8,95756
540410,툼레이더,로아 우타우,워너브러더스 코리아(주),2018-03-08,미국,액션,12세이상관람가,상업영화,일반영화,117분 39초,알리시아 비칸데르,크리스틴 스콧 토마스,월튼 고긴스,5,6,951,3,59418
533790,페르디난드,카를로스 살다나,이십세기폭스코리아(주),2018-01-03,미국,애니메이션,전체관람가,상업영화,일반영화,107분 58초,존 시나,케이트 맥키넌,데이빗 테넌트,6,9,1658,1,55644
527077,러브 & 드럭스,에드워드 즈윅,이십세기폭스코리아(주),2011-01-13,미국,멜로/로맨스,청소년관람불가,상업영화,일반영화,112분 0초,앤 해서웨이,NA,NA,6,15,245,1,34207
519584,퍼시 잭슨과 괴물의 바다,쏘어 프류덴탈,이십세기폭스코리아(주),2013-09-12,미국,판타지,12세이상관람가,상업영화,일반영화,106분 0초,로건 레먼,알렉산드리아 다다리오,브랜든 T. 잭슨,8,9,2280,9,12304
518886,얼라이드,로버트 저메키스,롯데쇼핑㈜롯데엔터테인먼트,2017-01-11,미국,스릴러,15세이상관람가,상업영화,일반영화,123분 23초,브래드 피트,마리옹 꼬띠아르,리지 캐플란,7,17,3948,1,43776
515522,고스트버스터즈,폴 페이그,유니버설픽쳐스인터내셔널 코리아(유),2016-08-25,미국,액션,12세이상관람가,상업영화,일반영화,116분 28초,멜리사 맥카시,크리스 헴스워스,크리스틴 위그,5,8,994,8,32371
514417,퍼스트 어벤져,조 존스톤,씨제이이앤엠(주),2011-07-28,미국,액션,12세이상관람가,상업영화,일반영화,123분 0초,크리스 에반스,휴고 위빙,헤일리 앳웰,11,42,330,7,63024
513202,거울나라의 앨리스,제임스 보빈,월트디즈니컴퍼니코리아(주),2016-09-07,미국,어드벤처,12세이상관람가,상업영화,일반영화,112분 48초,조니 뎁,앤 해서웨이,미아 와시코브스카,6,10,2402,9,19058
501286,그레이트 월,장예모,유니버설픽쳐스인터내셔널 코리아(유),2017-02-15,미국,판타지,12세이상관람가,상업영화,일반영화,103분 4초,맷 데이먼,페드로 파스칼,윌렘 데포,8,9,2098,2,46451
498004,노예 12년,스티브 맥퀸,"판씨네마(주),(주)프레인글로벌",2014-02-27,미국,드라마,15세이상관람가,상업영화,일반영화,133분 55초,치웨텔 에지오포,마이클 패스벤더,베네딕트 컴버배치,18,57,6099,2,21698
487916,카3: 새로운 도전,브라이언 피,월트디즈니컴퍼니코리아 유한책임회사,2017-07-13,미국,애니메이션,전체관람가,상업영화,일반영화,108분 58초,아미 해머,나단 필리온,오웬 윌슨,11,15,4764,7,17037
475309,트리플 엑스 리턴즈,D.J. 카루소,롯데쇼핑㈜롯데엔터테인먼트,2017-02-08,미국,액션,15세이상관람가,상업영화,일반영화,106분 36초,빈 디젤,사무엘 L. 잭슨,루비 로즈,3,3,1010,2,68598
465607,카 2,존 라세터,한국소니픽쳐스릴리징브에나비스타영화㈜,2011-07-20,미국,애니메이션,전체관람가,상업영화,일반영화,113분 0초,오웬 윌슨,마이클 케인,NA,14,43,8726,7,10974
464607,생텀,앨리스터 그리어슨,(주)시너지하우스 (시너지),2011-02-10,미국,어드벤처,15세이상관람가,상업영화,일반영화,108분 0초,이안 그루퍼드,리차드 록스버그,라이스 웨이크필드,5,8,1715,2,45842
462176,락아웃: 익스트림미션,"제임스 매더스,스테판 St. 레게르",롯데쇼핑㈜롯데엔터테인먼트,2012-06-14,미국,SF,15세이상관람가,상업영화,일반영화,94분 0초,가이 피어스,매기 그레이스,조셉 길건,11,14,2550,6,33802
459421,라이프,다니엘 에스피노사,소니픽쳐스엔터테인먼트코리아주식회사극장배급지점,2017-04-05,미국,SF,15세이상관람가,상업영화,일반영화,103분 48초,제이크 질렌할,레베카 퍼거슨,라이언 레놀즈,351,1134,14215,4,42630
449071,클라우드 아틀라스,"앤디 워쇼스키,라나 워쇼스키,톰 티크베어",(주)넥스트엔터테인먼트월드(NEW),2013-01-09,미국,SF,청소년관람불가,상업영화,일반영화,172분 0초,톰 행크스,할리 베리,휴 그랜트,9,17,3727,1,43541
448923,히든 피겨스,데오도르 멜피,이십세기폭스코리아(주),2017-03-23,미국,드라마,12세이상관람가,상업영화,일반영화,126분 37초,타라지 P. 헨슨,옥타비아 스펜서,케빈 코스트너,24,95,15242,3,15834
446664,빅쇼트,아담 맥케이,롯데쇼핑㈜롯데엔터테인먼트,2016-01-21,미국,드라마,청소년관람불가,상업영화,일반영화,130분 7초,크리스찬 베일,스티브 카렐,라이언 고슬링,2,6,1356,1,27454
445009,헌츠맨: 윈터스 워,세딕 니콜라스 트로얀,유니버설픽쳐스인터내셔널 코리아(유),2016-04-13,미국,액션,12세이상관람가,상업영화,일반영화,113분 57초,크리스 헴스워스,샤를리즈 테론,에밀리 블런트,2,2,498,4,111569
444045,익스펜더블 2,사이먼 웨스트,롯데쇼핑㈜롯데엔터테인먼트,2012-09-06,미국,액션,15세이상관람가,상업영화,일반영화,100분 0초,실베스터 스탤론,브루스 윌리스,아놀드 슈왈제네거,7,11,2357,9,35456
443889,밀레니엄 : 여자를 증오한 남자들,데이빗 핀처,한국소니픽쳐스릴리징브에나비스타영화㈜,2012-01-11,미국,스릴러,청소년관람불가,상업영화,일반영화,157분 0초,다니엘 크레이그,루니 마라,NA,12,15,546,1,11033
435201,시즌 오브 더 위치: 마녀 호송단,도미닉 세나,(주)넥스트엔터테인먼트월드(NEW),2011-01-13,미국,어드벤처,15세이상관람가,상업영화,일반영화,94분 0초,니콜라스 케이지,론 펄먼,크리스토퍼 리,3,8,456,1,30959
428896,랭고,고어 버빈스키,씨제이이앤엠(주),2011-03-03,미국,애니메이션,전체관람가,상업영화,일반영화,104분 0초,조니 뎁,NA,NA,4,11,1833,3,14312
427764,스머프: 비밀의 숲,캘리 애스버리,소니픽쳐스엔터테인먼트코리아주식회사극장배급지점,2017-04-28,미국,애니메이션,전체관람가,상업영화,일반영화,89분 39초,데미 로바토,레인 윌슨,조 맨가니엘로,4,9,1556,4,9077
424041,다이버전트,닐 버거,롯데쇼핑㈜롯데엔터테인먼트,2014-04-16,미국,SF,15세이상관람가,상업영화,일반영화,139분 43초,쉐일린 우들리,케이트 윈슬렛,테오 제임스,9,24,4068,4,30913
401541,아메리칸 메이드,더그 라이만,유니버설픽쳐스인터내셔널 코리아(유),2017-09-14,미국,범죄,15세이상관람가,상업영화,일반영화,114분 46초,톰 크루즈,도널 글리슨,사라 라이트,2,3,510,9,49188
400329,닌자터틀,조나단 리브스만,씨제이이앤엠(주),2014-08-28,미국,액션,12세이상관람가,상업영화,일반영화,101분 9초,메간 폭스,윌리엄 피츠너,앨런 리치슨,18,52,6242,8,48055
399667,판타스틱 4,조쉬 트랭크,이십세기폭스코리아(주),2015-08-20,미국,액션,12세이상관람가,상업영화,일반영화,100분 0초,마일즈 텔러,케이트 마라,제이미 벨,5,7,2035,8,63458
387795,피터 래빗,윌 글럭,소니픽쳐스엔터테인먼트코리아주식회사극장배급지점,2018-05-16,미국,애니메이션,전체관람가,상업영화,일반영화,94분 34초,도널 글리슨,로즈 번,샘 닐,6,8,1817,5,4019
387527,론 레인저,고어 버빈스키,소니픽쳐스릴리징월트디즈니스튜디오스코리아(주),2013-07-04,미국,액션,15세이상관람가,상업영화,일반영화,149분 21초,조니 뎁,아미 해머,헬레나 본햄 카터,2,4,1216,7,42702
385552,천재 강아지 미스터 피바디,롭 민코프,씨제이이앤엠(주),2014-04-24,미국,애니메이션,전체관람가,상업영화,일반영화,92분 25초,티 버렐,맥스 찰스,에리얼 윈터,15,38,5520,4,3695
384789,언더 워터,자움 콜렛 세라,유니버설픽쳐스인터내셔널 코리아(유),2016-07-13,미국,공포(호러),15세이상관람가,상업영화,일반영화,86분 11초,블레이크 라이블리,오스카 제나다,NA,1,1,274,7,29167
383862,크로니클,조쉬 트랭크,이십세기폭스코리아(주),2012-03-15,미국,액션,15세이상관람가,상업영화,일반영화,84분 0초,데인 드한,알렉스 러셀,마이클 B. 조던,9,24,4376,3,31489
378729,스토커,박찬욱,이십세기폭스코리아(주),2013-02-28,미국,드라마,청소년관람불가,상업영화,일반영화,99분 0초,미아 와시코브스카,매튜 구드,니콜 키드먼,282,832,24277,2,50954
373344,컨트롤러,조지 놀피,유니버설픽쳐스인터내셔널 코리아(유),2011-03-03,미국,스릴러,12세이상관람가,상업영화,일반영화,105분 0초,맷 데이먼,에밀리 블런트,NA,246,439,33436,3,30540
364415,그레이의 50가지 그림자,샘 테일러-존슨,유니버설픽쳐스인터내셔널 코리아(유),2015-02-26,미국,드라마,청소년관람불가,상업영화,일반영화,125분 13초,제이미 도넌,다코타 존슨,제니퍼 엘,438,1207,39769,2,45653
360556,홈,팀 존슨,씨제이이앤엠(주),2015-05-21,미국,애니메이션,전체관람가,상업영화,일반영화,93분 41초,짐 파슨스,리한나,제니퍼 로페즈,6,14,3106,5,6632
356976,클로버필드 10번지,댄 트라첸버그,롯데쇼핑㈜롯데엔터테인먼트,2016-04-07,미국,미스터리,15세이상관람가,상업영화,일반영화,103분 28초,메리 엘리자베스 윈스티드,존 굿맨,존 갤러거 주니어,497,1489,20421,4,33023
355913,어쌔신 크리드,저스틴 커젤,이십세기폭스코리아(주),2017-01-11,미국,액션,15세이상관람가,상업영화,일반영화,115분 39초,마이클 패스벤더,마리옹 꼬띠아르,아리안 라베드,1,3,1014,1,60851
354601,플립,롭 라이너,(주)팝엔터테인먼트,2017-07-12,미국,드라마,12세이상관람가,상업영화,일반영화,89분 43초,매들린 캐롤,캘런 맥오리피,NA,2,8,982,7,14315
351555,미드나잇 인 파리,우디 알렌,"(주)드림팩트엔터테인먼트,(주)나이너스엔터테인먼트",2012-07-05,미국,코미디,15세이상관람가,다양성영화,예술영화,94분 0초,오웬 윌슨,마리온 꼬띨라르,레이첼 맥아담스,6,28,4717,7,13947
351091,그녀,스파이크 존즈,유니버설픽쳐스인터내셔널 코리아(유),2014-05-22,미국,드라마,청소년관람불가,다양성영화,예술영화,126분 3초,호아킨 피닉스,스칼렛 요한슨,에이미 아담스,16,20,2149,5,8390
350563,오즈 그레이트 앤드 파워풀,샘 레이미,소니픽쳐스릴리징월트디즈니스튜디오스코리아(주),2013-03-07,미국,판타지,전체관람가,상업영화,일반영화,130분 0초,제임스 프랭코,미쉘 윌리엄스,레이첼 와이즈,1,1,397,3,19337
344876,링컨: 뱀파이어 헌터,티무르 베크맘베토브,이십세기폭스코리아(주),2012-08-30,미국,액션,청소년관람불가,상업영화,일반영화,105분 0초,벤자민 워커,도미닉 쿠퍼,루퍼스 스웰,5,7,1985,8,46858
344766,아메리칸 스나이퍼,클린트 이스트우드,워너브러더스 코리아(주),2015-01-14,미국,액션,청소년관람불가,상업영화,일반영화,132분 29초,브래들리 쿠퍼,시에나 밀러,NA,3,6,2549,1,19229
341882,숲속으로,롭 마샬,월트디즈니컴퍼니코리아(주),2014-12-24,미국,뮤지컬,전체관람가,상업영화,일반영화,124분 35초,메릴 스트립,조니 뎁,에밀리 블런트,5,7,1225,12,55379
332180,에베레스트,발타자르 코루마쿠르,유니버설픽쳐스인터내셔널 코리아(유),2015-09-24,미국,어드벤처,12세이상관람가,상업영화,일반영화,121분 14초,제이슨 클락,조슈 브롤린,키이라 나이틀리,2,7,2602,9,25680
331877,위자: 저주의 시작,마이크 플래너건,유니버설픽쳐스인터내셔널 코리아(유),2016-11-09,미국,공포(호러),12세이상관람가,상업영화,일반영화,98분 56초,엘리자베스 리저,애너리즈 바쏘,헨리 토마스,1,1,149,11,24843
329029,선 오브 갓,크리스토퍼 스펜서,(주)프레인글로벌,2014-04-10,미국,드라마,12세이상관람가,상업영화,일반영화,137분 52초,디오고 모르가도,세바스찬 냅,다윈 쇼,174,427,8122,4,19897
327612,링컨 차를 타는 변호사,브래드 퍼맨,씨너스엔터테인먼트(주),2011-06-16,미국,범죄,15세이상관람가,상업영화,일반영화,118분 0초,라이언 필립,매튜 매커너히,조쉬 루카스,11,30,4915,6,13118
327591,잭 라이언 : 코드네임 쉐도우,케네스 브래너,씨제이이앤엠(주),2014-01-16,미국,액션,12세이상관람가,상업영화,일반영화,105분 23초,크리스 파인,키이라 나이틀리,케빈 코스트너,22,26,899,1,42588
325016,스폰지밥 3D,폴 티비트,씨제이이앤엠(주),2015-02-18,미국,애니메이션,전체관람가,상업영화,일반영화,92분 26초,안토니오 반데라스,클랜시 브라운,톰 케니,3,5,870,2,32216
321550,옥자,봉준호,(주)넥스트엔터테인먼트월드(NEW),2017-06-29,미국,어드벤처,12세이상관람가,상업영화,일반영화,120분 22초,틸다 스윈튼,제이크 질렌할,폴 다노,8,16,5080,6,23137
321018,블레이드 러너 2049,드니 빌뇌브,소니픽쳐스엔터테인먼트코리아주식회사극장배급지점,2017-10-12,미국,SF,15세이상관람가,상업영화,일반영화,163분 14초,라이언 고슬링,해리슨 포드,아나 디 아르마스,155,464,30516,10,35745
320353,아기배달부 스토크,"니콜라스 스톨러,더그 스윗랜드",워너브러더스 코리아(주),2016-12-07,미국,애니메이션,전체관람가,상업영화,일반영화,86분 50초,앤디 샘버그,켈시 그래머,제니퍼 애니스턴,10,16,3805,12,6569
315321,캐롤,토드 헤인즈,CGV아트하우스,2016-02-04,미국,드라마,청소년관람불가,다양성영화,예술영화,118분 6초,케이트 블란쳇,루니 마라,카일 챈들러,22,31,4342,2,13134
311456,비행기 2: 소방구조대,로버츠 개너웨이,소니픽쳐스릴리징월트디즈니스튜디오스코리아(주),2014-08-13,미국,애니메이션,전체관람가,상업영화,일반영화,83분 30초,데인 쿡,에드 해리스,줄리 보웬,6,8,2103,8,12398
310701,트루스 오어 데어,제프 와드로,유니버설픽쳐스인터내셔널 코리아(유),2018-05-22,미국,공포(호러),15세이상관람가,상업영화,일반영화,99분 58초,루시 헤일,타일러 포시,바이올렛 빈,1,1,200,5,54911
309729,주피터 어센딩,"라나 워쇼스키,앤디 워쇼스키",워너브러더스 코리아(주),2015-02-05,미국,SF,12세이상관람가,상업영화,일반영화,127분 22초,밀라 쿠니스,채닝 테이텀,숀 빈,2,3,699,2,44373
298983,프랑켄슈타인: 불멸의 영웅,스튜어트 베티,(주)쇼박스,2014-02-06,미국,액션,12세이상관람가,상업영화,일반영화,92분 35초,아론 에크하트,빌 나이,미란다 오토,4,5,1050,2,43029
298298,오즈의 마법사: 돌아온 도로시,"윌 핀,댄 세인트 피에르",(주)박수엔터테인먼트,2015-02-12,미국,애니메이션,전체관람가,다양성영화,예술영화,91분 53초,레아 미셸,패트릭 스튜어트,휴 댄시,11,19,3208,2,11579
297944,스포트라이트,토마스 맥카시,(주)팝엔터테인먼트,2016-02-24,미국,드라마,15세이상관람가,상업영화,일반영화,128분 46초,마이클 키튼,마크 러팔로,레이첼 맥아담스,17,32,4000,2,21951
297356,구스범스,롭 레터맨,유니버설픽쳐스인터내셔널 코리아(유),2016-01-14,미국,액션,12세이상관람가,상업영화,일반영화,103분 12초,잭 블랙,딜런 미네트,오데야 러쉬,19,74,11669,1,26744
297025,로렉스,"크리스 리노드,카일 발다",유니버설픽쳐스인터내셔널 코리아(유),2012-05-03,미국,애니메이션,전체관람가,상업영화,일반영화,86분 0초,대니 드비토,잭 에프런,에드 헬름스,3,6,1341,5,5348
294320,포인트 브레이크,에릭슨 코어,"(주)시네마서비스,(주)나이너스엔터테인먼트",2016-01-07,미국,범죄,15세이상관람가,상업영화,일반영화,113분 41초,루크 브레이시,에드가 라미레즈,테레사 팔머,1,4,1534,1,32809
292655,이스케이프 플랜,미카엘 하프스트롬,판씨네마(주),2013-12-05,미국,액션,청소년관람불가,상업영화,일반영화,115분 29초,실베스터 스탤론,아놀드 슈왈제네거,제임스 카비젤,7,10,1960,12,18880
292217,더 그레이,조 카나한,(주)팝파트너스,2012-02-16,미국,액션,15세이상관람가,상업영화,일반영화,116분 0초,리암 니슨,더못 멀로니,NA,2,2,260,2,32199
289645,앨빈과 슈퍼밴드: 악동 어드벤처,월트 벡커,이십세기폭스코리아(주),2016-02-04,미국,애니메이션,전체관람가,상업영화,일반영화,91분 52초,저스틴 롱,제이슨 리,매튜 그레이 구블러,5,14,2854,2,8575
289534,런 올 나이트,자움 콜렛 세라,워너브러더스 코리아(주),2015-03-19,미국,액션,청소년관람불가,상업영화,일반영화,115분 14초,리암 니슨,조엘 킨나만,에드 해리스,6,7,1401,3,27969
282662,인서전트,로베르트 슈벤트케,롯데쇼핑㈜롯데엔터테인먼트,2015-03-25,미국,SF,15세이상관람가,상업영화,일반영화,119분 2초,쉐일린 우들리,테오 제임스,케이트 윈슬렛,10,11,2448,3,35995
279488,오큘러스,마이크 플래너건,씨네그루(주)다우기술,2014-05-29,미국,미스터리,15세이상관람가,상업영화,일반영화,102분 45초,카렌 길런,브렌튼 스웨이츠,케이티 색호프,6,12,2539,5,25027
278015,사랑에 대한 모든 것,제임스 마쉬,유니버설픽쳐스인터내셔널 코리아(유),2014-12-10,미국,멜로/로맨스,12세이상관람가,상업영화,일반영화,123분 24초,에디 레드메인,펠리시티 존스,NA,3,4,765,12,31139
276379,존 윅 - 리로드,채드 스타헬스키,(주)제이앤씨미디어그룹,2017-02-22,미국,액션,청소년관람불가,상업영화,일반영화,122분 12초,키아누 리브스,이안 맥쉐인,루비 로즈,4,9,1673,2,40988
276334,우리는 동물원을 샀다,카메론 크로우,이십세기폭스코리아(주),2012-01-18,미국,가족,전체관람가,상업영화,일반영화,124분 0초,맷 데이먼,스칼렛 요한슨,NA,20,20,2863,1,11972
269510,헨젤과 그레텔: 마녀 사냥꾼 3D,토미 위르콜라,씨제이이앤엠(주),2013-02-14,미국,액션,청소년관람불가,상업영화,일반영화,87분 0초,제레미 레너,젬마 아터튼,팜케 얀센,2,3,774,2,38390
269157,상하이,미카엘 하프스트롬,(주)넥스트엔터테인먼트월드(NEW),2011-01-27,미국,드라마,15세이상관람가,상업영화,일반영화,103분 0초,공리,주윤발,존 쿠삭,3,4,1466,1,15462
267373,파이스토리 : 악당상어 소탕작전,"마크 A.Z. 디페,박태동",(주)에스비에스콘텐츠허브,2013-01-10,미국,애니메이션,전체관람가,상업영화,일반영화,80분 0초,드레이크 벨,앤디 딕,김병만,18,60,3334,1,17900
266574,19곰 테드,세스 맥팔레인,유니버설픽쳐스인터내셔널 코리아(유),2012-09-27,미국,코미디,청소년관람불가,상업영화,일반영화,106분 0초,마크 월버그,밀라 쿠니스,세스 맥팔레인,2,3,800,9,16024
266389,백 투 더 비기닝,딘 이스라엘리트,롯데쇼핑㈜롯데엔터테인먼트,2015-02-26,미국,SF,15세이상관람가,상업영화,일반영화,106분 3초,조니 웨스턴,소피아 블랙 디엘리아,샘 러너,321,858,21421,2,36522
265744,투모로우랜드,브래드 버드,월트디즈니컴퍼니코리아(주),2015-05-27,미국,액션,12세이상관람가,상업영화,일반영화,129분 52초,조지 클루니,휴 로리,브릿 로버트슨,1,2,607,5,22850
260721,스파이 브릿지,스티븐 스필버그,이십세기폭스코리아(주),2015-11-05,미국,스릴러,12세이상관람가,상업영화,일반영화,141분 10초,톰 행크스,마크 라이런스,오스틴 스토웰,62,82,6332,11,18404
260144,장고:분노의 추적자,쿠엔틴 타란티노,소니픽쳐스릴리징월트디즈니스튜디오스코리아(주),2013-03-21,미국,서부극(웨스턴),청소년관람불가,상업영화,일반영화,165분 0초,레오나르도 디카프리오,제이미 폭스,크리스토프 왈츠,5,9,2436,3,21879
259957,원더,스티븐 크보스키,CGV아트하우스,2017-12-27,미국,드라마,전체관람가,다양성영화,예술영화,113분 18초,줄리아 로버츠,오웬 윌슨,제이콥 트렘블레이,17,39,4455,12,12864
257193,파이널 데스티네이션5,스티븐 쿼일,워너브러더스 코리아(주),2011-09-08,미국,공포(호러),청소년관람불가,상업영화,일반영화,92분 0초,데이비드 코에너,NA,NA,162,652,10351,9,12613
256475,언브로큰,안젤리나 졸리,유니버설픽쳐스인터내셔널 코리아(유),2015-01-07,미국,액션,15세이상관람가,상업영화,일반영화,137분 23초,잭 오코넬,도널 글리슨,가렛 헤드룬드,1,1,326,1,26707
256346,카우보이 & 에이리언,존 파브로,씨제이이앤엠(주),2011-08-11,미국,액션,15세이상관람가,상업영화,일반영화,118분 0초,다니엘 크레이그,해리슨 포드,올리비아 와일드,2,2,414,8,33899
252444,노벰버 맨,로저 도널드슨,롯데쇼핑㈜롯데엔터테인먼트,2014-10-16,미국,액션,15세이상관람가,상업영화,일반영화,101분 52초,피어스 브로스넌,올가 쿠릴렌코,루크 브레이시,9,10,2345,10,29734
242707,툼스톤,스콧 프랭크,(주)인벤트스톤,2014-09-18,미국,액션,청소년관람불가,상업영화,일반영화,113분 35초,리암 니슨,보이드 홀브룩,NA,3,4,789,9,25970
241514,캡틴 필립스,폴 그린그래스,소니픽쳐스릴리징월트디즈니스튜디오스코리아(주),2013-10-23,미국,액션,15세이상관람가,상업영화,일반영화,133분 53초,톰 행크스,캐서린 키너,NA,169,609,15483,10,19778
239483,서약,마이클 수치,한국소니픽쳐스릴리징브에나비스타영화㈜,2012-03-14,미국,드라마,15세이상관람가,상업영화,일반영화,104분 0초,레이첼 맥아덤즈,채닝 테이텀,NA,6,6,1100,3,37219
238257,하늘을 걷는 남자,로버트 저메키스,유니버설픽쳐스인터내셔널 코리아(유),2015-10-28,미국,드라마,12세이상관람가,상업영화,일반영화,123분 0초,조셉 고든 레빗,벤 킹슬리,샬롯 르 본,1,3,854,10,19675
236129,레고 무비,"필 로드,크리스 밀러",워너브러더스 코리아(주),2014-02-06,미국,애니메이션,전체관람가,상업영화,일반영화,100분 26초,윌 페렐,리암 니슨,엘리자베스 뱅크스,1,2,714,2,6583
235207,닌자터틀 : 어둠의 히어로,데이브 그린,롯데쇼핑㈜롯데엔터테인먼트,2016-06-16,미국,액션,12세이상관람가,상업영화,일반영화,112분 3초,메간 폭스,스티븐 아멜,로라 린니,3,10,2202,6,27009
233563,비행기,클레이 홀,소니픽쳐스릴리징월트디즈니스튜디오스코리아(주),2013-12-19,미국,애니메이션,전체관람가,상업영화,일반영화,91분 47초,발 킬머,테리 해처,세드릭 더 엔터테이너,6,7,2003,12,10897
233283,드림 쏭,애쉬 브래넌,(주)이수C&E,2016-09-14,미국,애니메이션,전체관람가,다양성영화,예술영화,89분 31초,J.K. 시몬스,루크 윌슨,에디 이자드,12,46,8093,9,19694
229346,아이 필 프리티,아비 콘,(주)홈초이스,2018-06-06,미국,코미디,15세이상관람가,상업영화,일반영화,109분 58초,에이미 슈머,미쉘 윌리엄스,NA,24,42,1582,6,25708
228899,컨테이젼,스티븐 소더버그,워너브러더스 코리아(주),2011-09-22,미국,액션,12세이상관람가,상업영화,일반영화,103분 0초,맷 데이먼,기네스 팰트로우,NA,2,3,0,9,24292
228539,쓰리데이즈 투 킬,맥지,롯데쇼핑㈜롯데엔터테인먼트,2014-04-03,미국,액션,15세이상관람가,상업영화,일반영화,115분 49초,케빈 코스트너,엠버 허드,헤일리 스테인펠드,11,21,4681,4,22745
228090,캐빈 인 더 우즈,드류 고다드,롯데쇼핑㈜롯데엔터테인먼트,2012-06-28,미국,공포(호러),청소년관람불가,상업영화,일반영화,95분 0초,크리스 헴스워스,크리스틴 코놀리,안나 허치슨,15,164,8118,6,23403
225146,잡스,조슈아 마이클 스턴,(주)넥스트엔터테인먼트월드(NEW),2013-08-29,미국,드라마,12세이상관람가,상업영화,일반영화,127분 22초,애쉬튼 커처,조시 게드,더못 멀로니,8,11,2768,8,33062
223740,12 솔져스,니콜라이 퓰시,(주)제이앤씨미디어그룹,2018-01-31,미국,액션,15세이상관람가,다양성영화,예술영화,130분 6초,크리스 헴스워스,마이클 섀넌,마이클 페나,18,26,3420,1,25712
222953,알파 앤 오메가,"안소니 벨,벤 글럭",(주)넥스트엔터테인먼트월드(NEW),2011-02-24,미국,애니메이션,전체관람가,상업영화,일반영화,88분 0초,헤이든 파네티어,저스틴 롱,박규리,3,6,1419,2,18922
221327,헤라클레스 : 레전드 비긴즈,레니 할린,(주)넥스트엔터테인먼트월드(NEW),2014-04-10,미국,액션,15세이상관람가,상업영화,일반영화,98분 56초,켈란 루츠,스콧 앳킨스,NA,7,8,1081,4,26897
219678,언프렌디드: 친구삭제,레오 가브리아제,유니버설픽쳐스인터내셔널 코리아(유),2015-05-07,미국,공포(호러),15세이상관람가,상업영화,일반영화,82분 35초,샐리 헤닝,모세 제이콥 스톰,윌 펠츠,1,2,532,5,21884
217785,50가지 그림자: 해방,제임스 폴리,유니버설픽쳐스인터내셔널 코리아(유),2018-02-21,미국,드라마,청소년관람불가,상업영화,일반영화,105분 20초,다코타 존슨,제이미 도넌,NA,2,2,341,2,21009
217077,메카닉,사이먼 웨스트,씨너스엔터테인먼트(주),2011-02-24,미국,드라마,청소년관람불가,상업영화,일반영화,92분 0초,제이슨 스타뎀,벤 포스터,NA,3,12,824,2,19805
214949,허리케인 하이스트,롭 코헨,(주)넥스트엔터테인먼트월드(NEW),2018-03-14,미국,액션,15세이상관람가,상업영화,일반영화,102분 50초,토비 켑벨,매기 그레이스,NA,5,10,1232,3,18997
214003,독수리 에디,덱스터 플레처,이십세기폭스코리아(주),2016-04-07,미국,드라마,12세이상관람가,상업영화,일반영화,106분 0초,태런 에저튼,휴 잭맨,폴 레이놀즈,43,140,15058,4,16644
213986,한 솔로: 스타워즈 스토리,론 하워드,월트디즈니컴퍼니코리아 유한책임회사,2018-05-24,미국,액션,12세이상관람가,상업영화,일반영화,135분 0초,엘든 이렌리치,에밀리아 클라크,폴 베타니,1,2,1074,5,19176
208912,한나,조 라이트,한국소니픽쳐스릴리징브에나비스타영화㈜,2011-04-14,미국,액션,15세이상관람가,상업영화,일반영화,110분 0초,시얼샤 로넌,케이트 블란쳇,에릭 바나,3,3,500,4,23012
204742,버드맨,알레한드로 곤잘레스 이냐리투,이십세기폭스코리아(주),2015-03-05,미국,코미디,청소년관람불가,상업영화,일반영화,119분 12초,마이클 키튼,에드워드 노튼,엠마 스톤,1,8,1800,3,20555
203476,비포 미드나잇,리차드 링클레이터,(주)팝엔터테인먼트,2013-05-22,미국,드라마,청소년관람불가,상업영화,일반영화,108분 36초,에단 호크,줄리 델피,샤무스 데이비 피츠패트릭,22,29,4002,5,9725
203221,어쌔신: 더 비기닝,마이클 쿠에스타,(주)이수C&E,2017-12-07,미국,액션,15세이상관람가,상업영화,일반영화,111분 29초,딜런 오브라이언,테일러 키취,마이클 키튼,8,8,2323,12,31793
202805,원 데이,론 쉐르픽,(주)팝파트너스,2012-12-13,미국,드라마,15세이상관람가,다양성영화,예술영화,107분 0초,앤 해서웨이,짐 스터게스,NA,8,28,5261,12,18480
202148,굿모닝 에브리원,로저 미첼,씨제이이앤엠(주),2011-03-17,미국,드라마,15세이상관람가,상업영화,일반영화,107분 0초,레이첼 맥아덤즈,해리슨 포드,다이안 키튼,7,23,3884,3,9425
200038,언더월드 4: 어웨이크닝,"만스 말린드,비욘 스테인",한국소니픽쳐스릴리징브에나비스타영화㈜,2012-02-22,미국,액션,청소년관람불가,상업영화,일반영화,88분 0초,케이트 베킨세일,테오 제임스,인디아 아이슬리,3,4,614,2,18357
197238,스누피: 더 피너츠 무비,스티브 마티노,이십세기폭스코리아(주),2015-12-24,미국,애니메이션,전체관람가,상업영화,일반영화,93분 1초,NA,NA,NA,8,24,4991,12,11200
195933,그린 호넷,미셸 공드리,한국소니픽쳐스릴리징브에나비스타영화㈜,2011-01-27,미국,드라마,15세이상관람가,상업영화,일반영화,118분 0초,세스 로건,카메론 디아즈,주걸륜,8,14,3485,1,12932
192726,덤 앤 더머 투,"바비 패럴리,피터 패럴리",씨네그루(주)다우기술,2014-11-27,미국,코미디,15세이상관람가,상업영화,일반영화,108분 51초,짐 캐리,제프 다니엘스,토미 스나이더,216,471,12013,11,20011
191783,쥴리의 육지 대모험,구 안 호,(주)싸이더스,2011-09-08,미국,애니메이션,전체관람가,상업영화,일반영화,84분 0초,김병만,류담,이영아,3,4,37,9,1308
190893,보이후드,리차드 링클레이터,유니버설픽쳐스인터내셔널 코리아(유),2014-10-23,미국,드라마,15세이상관람가,다양성영화,예술영화,165분 36초,엘라 콜트레인,에단 호크,패트리시아 아퀘트,16,20,2053,10,5083
189620,50가지 그림자: 심연,제임스 폴리,유니버설픽쳐스인터내셔널 코리아(유),2017-02-09,미국,드라마,청소년관람불가,상업영화,일반영화,118분 4초,제이미 도넌,다코타 존슨,NA,3,6,159,2,24738
186460,프리즈너스,드니 빌뇌브,"(주)넥스트엔터테인먼트월드(NEW),판씨네마(주)",2013-10-02,미국,범죄,청소년관람불가,상업영화,일반영화,153분 0초,휴 잭맨,제이크 질렌할,NA,9,16,3091,10,24147
185960,팬,조 라이트,워너브러더스 코리아(주),2015-10-08,미국,판타지,전체관람가,상업영화,일반영화,111분 21초,휴 잭맨,가렛 헤드룬드,루니 마라,14,17,2276,10,15998
185080,더 셰프,존 웰스,(주)이수C&E,2015-11-05,미국,드라마,15세이상관람가,상업영화,일반영화,101분 4초,브래들리 쿠퍼,시에나 밀러,오마 사이,9,21,3599,11,19128
180661,백악관 최후의 날,안톤 후쿠아,씨너스엔터테인먼트(주),2013-06-05,미국,액션,청소년관람불가,상업영화,일반영화,119분 6초,제라드 버틀러,모건 프리먼,아론 에크하트,3,6,1328,6,19058
180486,로마 위드 러브,우디 알렌,(주)나이너스엔터테인먼트,2013-04-18,미국,코미디,청소년관람불가,다양성영화,예술영화,111분 0초,알렉 볼드윈,엘렌 페이지,제시 아이젠버그,13,38,3857,4,9514
180332,127시간,대니 보일,이십세기폭스코리아(주),2011-02-17,미국,드라마,15세이상관람가,상업영화,일반영화,93분 0초,제임스 프랭코,NA,NA,130,377,20043,2,19091
177601,핵소 고지,멜 깁슨,판씨네마(주),2017-02-22,미국,드라마,15세이상관람가,상업영화,일반영화,138분 54초,앤드류 가필드,샘 워싱턴,휴고 위빙,18,78,8231,2,23123
177483,문라이트,배리 젠킨스,CGV아트하우스,2017-02-22,미국,드라마,15세이상관람가,다양성영화,예술영화,110분 54초,트레반트 로즈,앙드레 홀랜드,나오미 해리스,20,55,4697,2,7923
175146,부활,케빈 레이놀즈,유니버설픽쳐스인터내셔널 코리아(유),2016-03-17,미국,드라마,12세이상관람가,상업영화,일반영화,107분 29초,조셉 파인즈,톰 펠튼,NA,3,4,937,3,4413
174223,유전,아리 애스터,(주)팝엔터테인먼트,2018-06-07,미국,공포(호러),15세이상관람가,상업영화,일반영화,127분 32초,토니 콜렛,가브리엘 번,알렉스 울프,4,8,1186,6,17859
173678,론 서바이버,피터 버그,유니버설픽쳐스인터내셔널 코리아(유),2014-04-02,미국,액션,15세이상관람가,상업영화,일반영화,121분 14초,마크 월버그,테일러 키취,에밀 허쉬,116,417,16933,4,10300
171577,조이,데이빗 O. 러셀,이십세기폭스코리아(주),2016-03-10,미국,코미디,12세이상관람가,상업영화,일반영화,124분 5초,제니퍼 로렌스,브래들리 쿠퍼,로버트 드니로,8,21,4455,3,16799
170796,예수는 역사다,존 건,(재)CBS,2017-07-13,미국,드라마,전체관람가,다양성영화,예술영화,113분 14초,마이크 보겔,에리카 크리스틴슨,페이 더너웨이,8,50,6025,7,7960
170647,19곰 테드 2,세스 맥팔레인,유니버설픽쳐스인터내셔널 코리아(유),2015-06-25,미국,코미디,청소년관람불가,상업영화,일반영화,115분 22초,마크 월버그,세스 맥팔레인,아만다 사이프리드,1,1,135,6,18211
169138,라스트베가스,존 터틀타웁,(주)나이너스엔터테인먼트,2014-05-08,미국,코미디,15세이상관람가,상업영화,일반영화,104분 52초,마이클 더글라스,로버트 드니로,모건 프리먼,30,118,10375,5,13495
165123,킬러 엘리트,개리 맥켄드리,에스케이텔레콤(주),2011-09-22,미국,스릴러,청소년관람불가,상업영화,일반영화,116분 0초,로버트 드니로,클라이브 오웬,제이슨 스타뎀,17,21,5505,9,16920
162604,다크아워,크리스 고락,이십세기폭스코리아(주),2012-01-05,미국,SF,12세이상관람가,상업영화,일반영화,89분 0초,에밀 허쉬,올리비아 썰비,NA,2,2,0,1,22325
161382,아메리칸 울트라,니마 누리자데,씨제이이앤엠(주),2015-08-27,미국,액션,청소년관람불가,상업영화,일반영화,95분 33초,제시 아이젠버그,크리스틴 스튜어트,코니 브리튼,6,13,2322,8,30139
160860,빅,트레버 월,(주)이수C&E,2016-07-27,미국,애니메이션,전체관람가,다양성영화,예술영화,91분 43초,NA,NA,NA,4,6,1223,7,21181
159948,더 큐어,고어 버빈스키,이십세기폭스코리아(주),2017-02-15,미국,미스터리,청소년관람불가,상업영화,일반영화,146분 17초,데인 드한,제이슨 아이삭스,미아 고스,3,8,1696,2,25961
157972,더 자이언트,프라파스 콜사라논,(주)마인스 엔터테인먼트,2013-02-21,미국,애니메이션,전체관람가,상업영화,일반영화,90분 0초,김준현,정범균,김지민,12,20,3792,2,10459
156744,어브덕션,존 싱글톤,필라멘트픽쳐스,2011-09-29,미국,액션,15세이상관람가,상업영화,일반영화,105분 0초,시고니 위버,릴리 콜린스,테일러 로트너,3,10,1768,9,17551
156606,써커 펀치,잭 스나이더,워너브러더스 코리아(주),2011-04-07,미국,액션,15세이상관람가,상업영화,일반영화,110분 0초,바네사 허진스,지나 말론,에밀리 브라우닝,8,53,1006,4,15852
155798,빨간모자의 진실 2,마이크 디사,(주)화앤담이엔티,2011-07-13,미국,애니메이션,전체관람가,상업영화,일반영화,84분 0초,이시영,김수미,노홍철,5,31,4350,7,4324
155374,아메리칸 허슬,데이빗 O. 러셀,(주)누리픽쳐스,2014-02-20,미국,범죄,청소년관람불가,다양성영화,예술영화,137분 51초,크리스찬 베일,에이미 아담스,브래들리 쿠퍼,13,35,3524,2,14272
155368,아토믹 블론드,데이빗 레이치,씨네그루(주)키다리이엔티,2017-08-30,미국,액션,청소년관람불가,상업영화,일반영화,114분 29초,샤를리즈 테론,제임스 맥어보이,소피아 부텔라,3,11,3122,8,27662
154966,레고 닌자고 무비,찰리 빈,워너브러더스 코리아(주),2017-09-28,미국,애니메이션,전체관람가,상업영화,일반영화,101분 24초,NA,NA,NA,15,28,4378,9,3588
153278,더 레이븐,제임스 맥티그,롯데쇼핑㈜롯데엔터테인먼트,2012-07-05,미국,스릴러,청소년관람불가,상업영화,일반영화,110분 0초,존 쿠삭,루크 에반스,앨리스 이브,7,14,2660,7,18886
152061,시카리오: 암살자의 도시,드니 빌뇌브,롯데쇼핑㈜롯데엔터테인먼트,2015-12-03,미국,범죄,청소년관람불가,다양성영화,예술영화,121분 11초,에밀리 블런트,베니치오 델 토로,조슈 브롤린,1,6,948,12,9599
152025,익스펜더블 3,패트릭 휴즈,롯데쇼핑㈜롯데엔터테인먼트,2014-08-20,미국,액션,15세이상관람가,상업영화,일반영화,126분 18초,실베스터 스탤론,제이슨 스타뎀,안토니오 반데라스,3,8,1993,8,18971
151833,아메리칸 셰프,존 파브로,(주)영화사 진진,2015-01-07,미국,코미디,15세이상관람가,다양성영화,예술영화,114분 27초,존 파브로,엠제이 안소니,소피아 베르가라,2,9,1961,1,2739
151713,미드나잇 선,스콧 스피어,씨네그루(주)키다리이엔티,2018-06-21,미국,멜로/로맨스,12세이상관람가,다양성영화,예술영화,91분 31초,벨라 손,패트릭 슈왈제네거,롭 리글,15,45,7436,6,12067
151476,히든 카드,브래드 퍼맨,이십세기폭스코리아(주),2013-09-26,미국,범죄,청소년관람불가,상업영화,일반영화,91분 22초,저스틴 팀버레이크,벤 애플렉,젬마 아터튼,12,14,2934,9,23283
150221,다운사이징,알렉산더 페인,롯데쇼핑㈜롯데엔터테인먼트,2018-01-11,미국,드라마,15세이상관람가,상업영화,일반영화,135분 12초,맷 데이먼,크리스틴 위그,크리스토프 왈츠,1,3,759,1,32562
148760,레고 배트맨 무비,크리스 맥케이,워너브러더스 코리아(주),2017-02-09,미국,애니메이션,전체관람가,상업영화,일반영화,104분 24초,윌 아넷,로자리오 도슨,랄프 파인즈,276,978,29580,2,7285
148512,미스컨덕트,시모사와 신타로,"(주)박수엔터테인먼트,㈜코리아스크린",2016-03-30,미국,범죄,15세이상관람가,상업영화,일반영화,105분 12초,알 파치노,안소니 홉킨스,조쉬 더하멜,1,2,409,3,23224
144827,13시간,마이클 베이,롯데쇼핑㈜롯데엔터테인먼트,2016-03-03,미국,액션,15세이상관람가,상업영화,일반영화,144분 18초,존 크랜신스키,파블로 쉬레이버,토비 스티븐스,2,5,1125,3,11943
143947,안나 카레니나,조 라이트,유니버설픽쳐스인터내셔널 코리아(유),2013-03-21,미국,드라마,15세이상관람가,상업영화,일반영화,130분 0초,키이라 나이틀리,주드 로,애런 존슨,2,6,1266,3,11713
143738,헬프,테이트 테일러,한국소니픽쳐스릴리징브에나비스타영화㈜,2011-11-03,미국,드라마,전체관람가,상업영화,일반영화,137분 0초,마이크 보겔,브라이스 달라스 하워드,씨씨 스페이식,30,201,11366,11,6059
142456,우먼 인 골드,사이먼 커티스,(주)팝엔터테인먼트,2015-07-09,미국,드라마,12세이상관람가,다양성영화,예술영화,108분 53초,헬렌 미렌,라이언 레놀즈,다니엘 브륄,8,38,7225,7,12067
140522,아르고,벤 애플렉,워너브러더스 코리아(주),2012-10-31,미국,스릴러,15세이상관람가,상업영화,일반영화,120분 0초,벤 애플렉,존 굿맨,알란 아킨,8,10,2591,10,10631
140350,블루 재스민,우디 앨런,(주)인벤트스톤,2013-09-25,미국,드라마,15세이상관람가,다양성영화,예술영화,98분 11초,케이트 블란쳇,알렉 볼드윈,NA,6,17,2729,9,8659
139541,액트 오브 밸러: 최정예 특수부대,"마이크 맥코이,스캇 워프",씨너스엔터테인먼트(주),2012-02-29,미국,액션,15세이상관람가,상업영화,일반영화,110분 0초,로셀린 산체즈,네스토르 세라노,NA,11,18,5833,2,14145
137205,50/50,조나단 레빈,롯데쇼핑㈜롯데엔터테인먼트,2011-11-24,미국,코미디,15세이상관람가,다양성영화,예술영화,100분 0초,조셉 고든 레빗,세스 로건,NA,2,8,651,11,9838
137126,더 퍼지,제임스 드모나코,유니버설픽쳐스인터내셔널 코리아(유),2013-11-06,미국,스릴러,청소년관람불가,상업영화,일반영화,85분 16초,에단 호크,레나 헤디,NA,1,1,214,11,15120
136946,파이터,데이빗 O. 러셀,(주)시너지하우스 (시너지),2011-03-10,미국,드라마,15세이상관람가,상업영화,일반영화,114분 0초,마크 월버그,크리스찬 베일,NA,2,3,43,3,10443
136134,워터 디바이너,러셀 크로우,롯데쇼핑㈜롯데엔터테인먼트,2015-01-28,미국,드라마,15세이상관람가,상업영화,일반영화,111분 7초,러셀 크로우,올가 쿠릴렌코,제이 코트니,28,47,5601,1,19516
135900,링컨,스티븐 스필버그,이십세기폭스코리아(주),2013-03-14,미국,드라마,12세이상관람가,상업영화,일반영화,151분 0초,다니엘 데이 루이스,조셉 고든 레빗,토미 리 존스,7,20,4004,3,10078
135874,제 5침공,J 블레이크슨,유니버설픽쳐스인터내셔널 코리아(유),2016-02-25,미국,액션,12세이상관람가,상업영화,일반영화,112분 17초,클로이 모레츠,닉 로빈슨,알렉스 로,1,1,149,2,19795
134029,대니쉬 걸,톰 후퍼,유니버설픽쳐스인터내셔널 코리아(유),2016-02-17,미국,드라마,청소년관람불가,다양성영화,예술영화,119분 36초,에디 레드메인,알리시아 비칸데르,엠버 허드,17,19,2120,2,5826
134025,비스틀리,다니엘 반즈,(주)넥스트엔터테인먼트월드(NEW),2011-03-17,미국,드라마,12세이상관람가,상업영화,일반영화,86분 0초,알렉스 페티퍼,바네사 허진스,닐 패트릭 해리스,9,15,3387,3,13065
133272,카운슬러,리들리 스콧,이십세기폭스코리아(주),2013-11-14,미국,범죄,청소년관람불가,상업영화,일반영화,117분 29초,브래드 피트,마이클 패스벤더,페넬로페 크루즈,1,3,461,11,16533
132059,리딕,데이빗 토히,(주)영화사 빅,2013-11-28,미국,SF,15세이상관람가,상업영화,일반영화,118분 39초,빈 디젤,칼 어번,케이티 색호프,15,18,3076,11,16952
131437,파라노말 액티비티 3,"헨리 유스트,아리엘 슐만",씨제이이앤엠(주),2011-10-20,미국,공포(호러),12세이상관람가,상업영화,일반영화,82분 0초,케이티 피더스턴,NA,NA,3,5,22,10,9489
126870,버틀러: 대통령의 집사,리 다니엘스,(주)넥스트엔터테인먼트월드(NEW),2013-11-28,미국,드라마,15세이상관람가,상업영화,일반영화,132분 12초,포레스트 휘테커,오프라 윈프리,데이빗 오예로워,1,1,282,11,8928
126439,카페 소사이어티,우디 앨런,CGV아트하우스,2016-09-14,미국,멜로/로맨스,15세이상관람가,다양성영화,예술영화,96분 0초,제시 아이젠버그,크리스틴 스튜어트,스티브 카렐,47,120,4440,9,9431
125800,마이 리틀 자이언트,스티븐 스필버그,월트디즈니컴퍼니코리아(주),2016-08-10,미국,어드벤처,전체관람가,상업영화,일반영화,117분 33초,마크 라이런스,레베카 홀,빌 헤이더,1,4,474,8,6215
123582,러시 : 더 라이벌,론 하워드,롯데쇼핑㈜롯데엔터테인먼트,2013-10-09,미국,액션,청소년관람불가,상업영화,일반영화,122분 15초,크리스 햄스워스,다니엘 브릴,NA,12,56,11710,10,19252
122698,실버라이닝 플레이북,데이빗 O. 러셀,(주)나이너스엔터테인먼트,2013-02-14,미국,멜로/로맨스,청소년관람불가,다양성영화,예술영화,122분 0초,제니퍼 로렌스,브래들리 쿠퍼,로버트 드니로,11,31,6862,2,14934
122039,라스트 위치 헌터,브렉 에이즈너,TCO(주)더콘텐츠온,2015-12-30,미국,액션,15세이상관람가,상업영화,일반영화,106분 40초,빈 디젤,일라이저 우드,로즈 레슬리,3,7,960,12,24121
120914,리미트리스,닐 버거,팝엔터테인먼트,2012-07-12,미국,미스터리,15세이상관람가,상업영화,일반영화,105분 0초,브래들리 쿠퍼,애비 코니시,로버트 드니로,22,32,5454,7,10180
120352,헤이트풀8,쿠엔틴 타란티노,(주)누리픽쳐스,2016-01-07,미국,액션,청소년관람불가,다양성영화,예술영화,167분 35초,사무엘 L. 잭슨,커트 러셀,제니퍼 제이슨 리,2,4,926,1,11342
118985,파리로 가는 길,엘레노어 코폴라,(주)티캐스트,2017-08-03,미국,드라마,12세이상관람가,다양성영화,예술영화,92분 14초,다이안 레인,알렉 볼드윈,아르노 비야르,4,8,769,8,4001
118836,아티스트,미셀 하자나비시우스,(주)영화사 진진,2012-02-16,미국,멜로/로맨스,12세이상관람가,다양성영화,예술영화,100분 0초,장 뒤자르댕,베레니스 베조,존 굿맨,3,20,3867,2,3036
117263,고스트 라이더 : 복수의 화신,"마크 네빌딘,브라이언 테일러",롯데쇼핑㈜롯데엔터테인먼트,2012-02-16,미국,액션,15세이상관람가,상업영화,일반영화,95분 0초,니콜라스 케이지,이드리스 엘바,NA,2,2,303,2,13001
116119,존 윅,"데이빗 레이치,채드 스타헬스키",(주)나이너스엔터테인먼트,2015-01-21,미국,액션,청소년관람불가,상업영화,일반영화,101분 17초,키아누 리브스,애드리앤 팰리키,윌렘 데포,7,13,3101,1,16347
114887,로맨틱 크라운,톰 행크스,(주)싸이더스,2011-08-17,미국,멜로/로맨스,12세이상관람가,상업영화,일반영화,99분 0초,줄리아 로버츠,윌머 발데라마,구구 바샤-로,4,6,984,8,10135
113795,터키,지미 헤이워드,롯데쇼핑㈜롯데엔터테인먼트,2014-07-31,미국,애니메이션,전체관람가,상업영화,일반영화,91분 27초,우디 해럴슨,오웬 윌슨,NA,5,9,1616,7,14736
111127,셀프/리스,타셈 싱,(주)이수C&E,2015-09-10,미국,SF,15세이상관람가,상업영화,일반영화,117분 8초,라이언 레놀즈,벤 킹슬리,매튜 구드,1,3,520,9,15141
111008,스틸 앨리스,"리처드 글랫저,워시 웨스트모어랜드",그린나래미디어(주),2015-04-29,미국,드라마,12세이상관람가,다양성영화,예술영화,101분 0초,줄리안 무어,알렉 볼드윈,크리스틴 스튜어트,32,78,3518,4,3867
110834,직쏘,"피터 스피어이그,마이클 스피어리그",㈜코리아스크린,2017-11-02,미국,공포(호러),청소년관람불가,상업영화,일반영화,91분 49초,토빈 벨,칼럼 키스 레니,클레 베넷,4,4,672,11,17581
110795,러브 앤 프렌즈,루크 그린필드,롯데쇼핑㈜롯데엔터테인먼트,2011-06-16,미국,드라마,15세이상관람가,상업영화,일반영화,112분 0초,케이트 허드슨,지니퍼 굿윈,NA,23,40,7996,6,9123
109137,피터와 드래곤,데이빗 로워리,월트디즈니컴퍼니코리아(주),2016-09-28,미국,어드벤처,전체관람가,상업영화,일반영화,102분 36초,브라이스 달라스 하워드,오크스 페글리,웨스 벤틀리,6,14,846,9,2443
108551,맨 프롬 UNCLE,가이 리치,워너브러더스 코리아(주),2015-10-28,미국,액션,12세이상관람가,상업영화,일반영화,116분 18초,헨리 카빌,아미 해머,알리시아 비칸데르,3,4,1460,10,12715
108344,레드 스패로,프란시스 로렌스,이십세기폭스코리아(주),2018-02-28,미국,스릴러,청소년관람불가,상업영화,일반영화,140분 3초,제니퍼 로렌스,조엘 에저튼,마티아스 쇼에나에츠,1,2,420,2,17633
108317,마지막 4중주,야론 질버만,(주)티캐스트,2013-07-25,미국,드라마,15세이상관람가,다양성영화,예술영화,105분 31초,필립 세이모어 호프만,크리스토퍼 월켄,캐서린 키너,1,2,134,7,1672
107567,더 기버: 기억전달자,필립 노이스,(주)지어소프트,2014-08-20,미국,SF,12세이상관람가,다양성영화,예술영화,97분 12초,브렌튼 스웨이츠,테일러 스위프트,메릴 스트립,3,7,1111,8,13893
107104,제로 다크 서티,캐서린 비글로우,(주)에스비에스콘텐츠허브,2013-03-07,미국,전쟁,15세이상관람가,상업영화,일반영화,157분 0초,제시카 차스테인,제이슨 클락,크리스 프랫,4,18,2531,3,8520
106241,프리덤,피터 쿠센스,(주)씨타마운틴픽쳐스,2015-11-19,미국,드라마,12세이상관람가,다양성영화,예술영화,94분 39초,쿠바 구딩 주니어,베르나르드 포처,윌리엄 새들러,7,21,4151,11,6456
105925,웨이 백,피터 위어,(주)쇼박스,2011-03-17,미국,드라마,12세이상관람가,상업영화,일반영화,133분 0초,짐 스터게스,콜린 파렐,에드 해리스,1,2,460,3,7394
105818,더 시그널,윌리엄 유뱅크,롯데쇼핑㈜롯데엔터테인먼트,2014-07-09,미국,SF,12세이상관람가,상업영화,일반영화,94분 2초,브렌튼 스웨이츠,로렌스 피쉬번,NA,8,14,2803,7,19052
105340,니드 포 스피드,스캇 워프,소니픽쳐스릴리징월트디즈니스튜디오스코리아(주),2014-04-16,미국,액션,15세이상관람가,상업영화,일반영화,130분 33초,아론 폴,도미닉 쿠퍼,이모겐 푸츠,3,4,1129,4,9263
104601,인사이드 르윈,"조엘 코엔,에단 코엔",블루미지,2014-01-29,미국,드라마,15세이상관람가,다양성영화,예술영화,104분 34초,오스카 아이삭,캐리 멀리건,저스틴 팀버레이크,12,26,3110,1,6448
103625,베리 굿 걸,나오미 포너,(주)영화사 빅,2014-09-25,미국,멜로/로맨스,15세이상관람가,다양성영화,예술영화,90분 28초,다코타 패닝,엘리자베스 올슨,보이드 홀브룩,6,7,1326,9,16519
103554,다이버전트 시리즈: 얼리전트,로베르트 슈벤트케,씨네그루(주)키다리이엔티,2016-05-12,미국,액션,12세이상관람가,상업영화,일반영화,120분 35초,쉐일린 우들리,테오 제임스,마일즈 텔러,328,791,6329,5,10035
102195,워 호스,스티븐 스필버그,한국소니픽쳐스릴리징브에나비스타영화㈜,2012-02-09,미국,전쟁,12세이상관람가,상업영화,일반영화,146분 0초,제레미 어바인,베네딕트 컴버배치,에밀리 왓슨,1,2,506,2,10906
101665,박스트롤,"그레이엄 애나블,안소니 스타치",유니버설픽쳐스인터내셔널 코리아(유),2014-11-06,미국,애니메이션,전체관람가,상업영화,일반영화,96분 36초,엘르 패닝,사이먼 페그,토니 콜렛,3,7,1017,11,1326
101460,R.I.P.D. : 알.아이.피.디.,로베르트 슈벤트케,유니버설픽쳐스인터내셔널 코리아(유),2013-08-22,미국,액션,15세이상관람가,상업영화,일반영화,95분 51초,라이언 레놀즈,제프 브리지스,케빈 베이컨,2,3,890,8,13515
100021,딥워터 호라이즌,피터 버그,메가박스중앙(주)플러스엠,2017-01-25,미국,액션,12세이상관람가,상업영화,일반영화,107분 10초,마크 월버그,딜런 오브라이언,케이트 허드슨,3,8,1809,1,12845
98866,타운,벤 애플렉,워너브러더스 코리아(주),2011-01-27,미국,드라마,청소년관람불가,상업영화,일반영화,124분 0초,레베카 홀,제레미 레너,벤 애플렉,1,1,389,1,7659
98495,빌리와 용감한 녀석들 3,척 파워스,롯데쇼핑㈜롯데엔터테인먼트,2015-04-30,미국,애니메이션,전체관람가,다양성영화,예술영화,80분 1초,엄상현,조현정,NA,3,7,833,4,5792
97777,레이디 버드,그레타 거윅,유니버설픽쳐스인터내셔널 코리아(유),2018-04-04,미국,코미디,15세이상관람가,상업영화,일반영화,94분 22초,시얼샤 로넌,로리 멧칼프,트레이시 렛츠,22,54,6220,4,8017
97017,다크타워: 희망의 탑,니콜라이 아르셀,소니픽쳐스엔터테인먼트코리아주식회사극장배급지점,2017-08-23,미국,액션,15세이상관람가,상업영화,일반영화,94분 36초,이드리스 엘바,매튜 매커너히,NA,1,2,410,8,14517
96305,바스티유 데이,제임스 왓킨스,롯데쇼핑㈜롯데엔터테인먼트,2016-10-13,미국,액션,15세이상관람가,상업영화,일반영화,91분 50초,이드리스 엘바,리처드 매든,샬롯 르 본,10,14,3002,10,12687
94750,사일런스,마틴 스콜세지,씨네그루(주)키다리이엔티,2017-02-28,미국,드라마,15세이상관람가,다양성영화,예술영화,160분 47초,앤드류 가필드,리암 니슨,아담 드라이버,17,32,3030,2,7030
93336,프리스트,스콧 찰스 스튜어트,한국소니픽쳐스릴리징브에나비스타영화㈜,2011-06-09,미국,액션,15세이상관람가,상업영화,일반영화,87분 0초,폴 베타니,매기 큐,NA,2,2,400,6,10649
92598,7번째 아들,세르게이 보드로프,유니버설픽쳐스인터내셔널 코리아(유),2015-02-11,미국,어드벤처,12세이상관람가,상업영화,일반영화,102분 2초,제프 브리지스,줄리안 무어,벤 반스,1,1,303,2,14457
92505,샤크 나이트 3D,데이비드 R. 엘리스,(주)화앤담이엔티,2011-09-15,미국,스릴러,15세이상관람가,상업영화,일반영화,91분 0초,더스틴 밀리건,캐서린 맥피,사라 팩스톤,4,9,2846,9,9998
91164,포커스,"글렌 피카라,존 레쿼",워너브러더스 코리아(주),2015-02-26,미국,코미디,15세이상관람가,상업영화,일반영화,104분 39초,윌 스미스,마고 로비,로드리고 산토로,2,3,778,2,16554
90840,타워 하이스트,브렛 래트너,유니버설픽쳐스인터내셔널 코리아(유),2011-11-17,미국,액션,12세이상관람가,상업영화,일반영화,105분 0초,에디 머피,벤 스틸러,NA,3,9,43,11,7803
88977,페이스 블라인드,줄리앙 마그넷,(주)마인스 엔터테인먼트,2012-06-21,미국,범죄,청소년관람불가,상업영화,일반영화,103분 0초,밀라 요보비치,줄리안 맥마흔,사라 웨인 콜리스,1,1,200,6,11849
88953,더 콜,브래드 앤더슨,(주)넥스트엔터테인먼트월드(NEW),2013-06-20,미국,스릴러,청소년관람불가,상업영화,일반영화,93분 51초,할리 베리,아비게일 브레스린,NA,10,28,5502,6,7969
88522,콜드 라잇 오브 데이,마브룩 엘 메크리,씨너스엔터테인먼트(주),2012-05-17,미국,액션,15세이상관람가,상업영화,일반영화,93분 0초,헨리 카빌,브루스 윌리스,시고니 위버,6,11,2140,5,10249
87915,락 오브 에이지,아담 쉥크만,워너브러더스 코리아(주),2012-08-02,미국,뮤지컬,15세이상관람가,상업영화,일반영화,123분 0초,톰 크루즈,캐서린 제타-존스,알렉 볼드윈,7,17,3020,8,15897
87426,사우스포,안톤 후쿠아,씨네그루(주)다우기술,2015-12-03,미국,드라마,15세이상관람가,상업영화,일반영화,124분 12초,제이크 질렌할,레이첼 맥아담스,포레스트 휘테커,12,69,13857,12,10637
87301,갤로우즈,"트래비스 클러프,크리스 로핑",워너브러더스 코리아(주),2015-09-03,미국,공포(호러),15세이상관람가,상업영화,일반영화,80분 43초,캐시디 지포드,파이퍼 브라운,리즈 미슬러,3,6,1476,9,10524
86528,허큘리스,브렛 래트너,워너브러더스 코리아(주),2014-08-06,미국,액션,15세이상관람가,상업영화,일반영화,98분 0초,드웨인 존슨,존 허트,이안 맥쉐인,1,3,606,8,11709
85200,빅 아이즈,팀 버튼,판씨네마(주),2015-01-28,미국,드라마,12세이상관람가,다양성영화,예술영화,105분 36초,에이미 아담스,크리스토프 왈츠,NA,8,12,2443,1,8225
83334,와일드,장 마크 발레,이십세기폭스코리아(주),2015-01-22,미국,드라마,청소년관람불가,다양성영화,예술영화,115분 28초,리즈 위더스푼,가비 호프만,로라 던,2,5,875,1,2452
83258,지랄발광 17세,켈리 프레몬,소니픽쳐스엔터테인먼트코리아주식회사극장배급지점,2017-06-28,미국,코미디,15세이상관람가,다양성영화,예술영화,105분 7초,헤일리 스테인펠드,우디 해럴슨,카이라 세드윅,4,11,1916,6,6369
82995,뷰티풀 크리처스,리차드 라그라브네스,롯데쇼핑㈜롯데엔터테인먼트,2013-04-18,미국,스릴러,15세이상관람가,상업영화,일반영화,123분 27초,앨리스 앤글레르트,비올라 데이비스,엠마 톰슨,3,3,612,4,9230
82779,더 이퀄라이저,안톤 후쿠아,유니버설픽쳐스인터내셔널 코리아(유),2015-01-28,미국,액션,청소년관람불가,상업영화,일반영화,131분 51초,덴젤 워싱턴,클로이 모레츠,마튼 초카스,19,83,8393,1,8629
82571,씬 시티: 다크히어로의 부활,"프랭크 밀러,로버트 로드리게즈",메가박스중앙(주)플러스엠,2014-09-11,미국,액션,청소년관람불가,상업영화,일반영화,102분 0초,조셉 고든 레빗,에바 그린,제시카 알바,2,4,611,9,14537
82177,파도가 지나간 자리,데릭 시엔프랜스,CGV아트하우스,2017-03-08,미국,드라마,15세이상관람가,다양성영화,예술영화,132분 30초,마이클 패스벤더,알리시아 비칸데르,레이첼 와이즈,4,14,1489,3,3677
80197,프렌즈 위드 베네핏,윌 글럭,한국소니픽쳐스릴리징브에나비스타영화㈜,2011-10-27,미국,코미디,청소년관람불가,상업영화,일반영화,109분 0초,저스틴 팀버레이크,밀라 쿠니스,NA,31,53,10680,10,8016
79812,로스트 인 더스트,데이빗 맥킨지,메가박스중앙(주)플러스엠,2016-11-03,미국,범죄,15세이상관람가,상업영화,일반영화,101분 49초,크리스 파인,벤 포스터,제프 브리지스,17,19,1424,11,8741
79701,오 마이 그랜파,댄 마저,판씨네마(주),2016-03-17,미국,코미디,청소년관람불가,상업영화,일반영화,99분 15초,로버트 드니로,잭 에프런,NA,25,38,2257,3,10818
79179,페이스 오브 러브,아리 포신,(주)영화사 빅,2014-04-16,미국,드라마,15세이상관람가,다양성영화,예술영화,92분 3초,아네트 베닝,에드 해리스,로빈 윌리엄스,14,48,6061,4,4974
78336,세인트 빈센트,데오도르 멜피,(주)영화사 빅,2015-03-05,미국,코미디,12세이상관람가,다양성영화,예술영화,101분 38초,빌 머레이,나오미 왓츠,멜리사 맥카시,61,115,9987,3,7448
78070,모데카이,데이빗 코엡,(주)나이너스엔터테인먼트,2015-02-18,미국,액션,15세이상관람가,상업영화,일반영화,106분 35초,조니 뎁,기네스 팰트로우,이완 맥그리거,8,13,2334,2,16726
78049,엑스 마키나,알렉스 가랜드,유니버설픽쳐스인터내셔널 코리아(유),2015-01-21,미국,SF,청소년관람불가,상업영화,일반영화,108분 0초,도널 글리슨,알리시아 비칸데르,오스카 아이삭,2,2,341,1,8662
77341,아더 우먼,닉 카사베츠,이십세기폭스코리아(주),2014-11-13,미국,코미디,15세이상관람가,상업영화,일반영화,109분 4초,카메론 디아즈,레슬리 만,케이트 업튼,17,25,3910,11,13185
77308,매직 인 더 문라이트,우디 앨런,(주)인벤트스톤,2014-08-20,미국,코미디,12세이상관람가,다양성영화,예술영화,97분 19초,콜린 퍼스,엠마 스톤,NA,28,67,5795,8,7317
76343,러덜리스,윌리엄 H. 머시,그린나래미디어(주),2015-07-09,미국,코미디,12세이상관람가,다양성영화,예술영화,105분 1초,빌리 크루덥,안톤 옐친,셀레나 고메즈,6,30,3471,7,4315
75657,오두막,스튜어트 하젤딘,판씨네마(주),2017-04-20,미국,드라마,12세이상관람가,다양성영화,예술영화,132분 9초,샘 워싱턴,옥타비아 스펜서,라다 미첼,2,4,232,4,6150
75598,피치 퍼펙트: 언프리티 걸즈,엘리자베스 뱅크스,유니버설픽쳐스인터내셔널 코리아(유),2015-05-28,미국,코미디,15세이상관람가,상업영화,일반영화,114분 32초,안나 켄드릭,헤일리 스테인펠드,레벨 윌슨,17,51,4346,5,8485
74044,피라냐 3DD,존 걸레거,롯데쇼핑㈜롯데엔터테인먼트,2012-08-01,미국,공포(호러),청소년관람불가,상업영화,일반영화,83분 0초,다니엘 파나베이커,빙 라메스,데이빗 핫셀호프,1,2,532,8,11698
73582,베니싱,브래드 앤더슨,(주)넥스트엔터테인먼트월드(NEW),2011-03-31,미국,미스터리,12세이상관람가,상업영화,일반영화,91분 0초,존 레귀자모,헤이든 크리스텐슨,탠디 뉴튼,6,11,2744,3,6661
73549,위자,스틸즈 화이트,유니버설픽쳐스인터내셔널 코리아(유),2015-04-16,미국,미스터리,15세이상관람가,상업영화,일반영화,89분 24초,올리비아 쿡,더글라스 스미스,NA,1,3,340,4,9069
72495,파워레인져스: 더 비기닝,딘 이스라엘리트,(주)넥스트엔터테인먼트월드(NEW),2017-04-20,미국,액션,12세이상관람가,상업영화,일반영화,124분 4초,데이커 몽고메리,나오미 스콧,RJ 사일러,3,5,1345,4,10413
72071,언더월드: 블러드 워,안나 포에스터,유니버설픽쳐스인터내셔널 코리아(유),2016-11-30,미국,액션,15세이상관람가,상업영화,일반영화,91분 23초,케이트 베킨세일,테오 제임스,찰스 댄스,1,1,126,11,15394
71506,프란시스 하,노아 바움백,그린나래미디어(주),2014-07-17,미국,코미디,15세이상관람가,다양성영화,예술영화,85분 45초,그레타 거윅,믹키 섬너,그레이스 검머,4,16,2761,7,3205
71483,모뉴먼츠 맨: 세기의 작전,조지 클루니,이십세기폭스코리아(주),2014-02-27,미국,액션,12세이상관람가,상업영화,일반영화,118분 13초,맷 데이먼,케이트 블란쳇,조지 클루니,1,1,326,2,11024
71362,더 서클,제임스 폰솔트,씨네그루(주)키다리이엔티,2017-06-22,미국,드라마,12세이상관람가,다양성영화,예술영화,109분 8초,엠마 왓슨,톰 행크스,NA,3,6,1030,6,10401
70506,돈비 어프레이드 : 어둠 속의 속삭임,트로이 닉시,(주)화앤담이엔티,2011-08-25,미국,공포(호러),15세이상관람가,상업영화,일반영화,99분 0초,케이티 홈즈,가이 피어스,NA,15,22,4385,8,8589
70053,미트 페어런츠 3,폴 웨이츠,씨제이이앤엠(주),2011-03-31,미국,코미디,15세이상관람가,상업영화,일반영화,98분 0초,더스틴 호프만,오웬 윌슨,벤 스틸러,6,11,2138,3,7196
69786,인보카머스,스콧 데릭슨,소니픽쳐스릴리징월트디즈니스튜디오스코리아(주),2014-08-21,미국,공포(호러),청소년관람불가,상업영화,일반영화,118분 19초,에릭 바나,에드가 라미레즈,올리비아 문,5,9,1668,8,11511
69529,어카운턴트,개빈 오코너,워너브러더스 코리아(주),2016-10-13,미국,액션,15세이상관람가,상업영화,일반영화,127분 44초,벤 애플렉,안나 켄드릭,J.K. 시몬스,1,2,428,10,9069
69095,어거스트: 가족의 초상,존 웰스,주식회사 우리네트웍스,2014-04-03,미국,드라마,15세이상관람가,다양성영화,예술영화,120분 49초,메릴 스트립,줄리아 로버츠,베네딕트 컴버배치,13,56,3926,4,6959
69047,하이힐을 신고 달리는 여자,더글라스 맥그래스,필라멘트픽쳐스,2012-02-02,미국,코미디,15세이상관람가,상업영화,일반영화,90분 0초,사라 제시카 파커,피어스 브로스넌,그렉 키니어,5,19,3290,2,6303
68897,이퀄스,드레이크 도리머스,씨네그루(주)키다리이엔티,2016-08-31,미국,드라마,15세이상관람가,상업영화,일반영화,101분 50초,니콜라스 홀트,크리스틴 스튜어트,NA,6,8,1288,8,15046
68815,스티브 잡스,대니 보일,유니버설픽쳐스인터내셔널 코리아(유),2016-01-21,미국,드라마,12세이상관람가,상업영화,일반영화,122분 16초,마이클 패스벤더,케이트 윈슬렛,세스 로건,1,2,462,1,9164
68794,달라스 바이어스 클럽,장 마크 발레,(주)나이너스엔터테인먼트,2014-03-06,미국,드라마,청소년관람불가,다양성영화,예술영화,116분 47초,매튜 매커너히,제니퍼 가너,자레드 레토,13,72,3853,3,4746
67602,올 더 머니,리들리 스콧,판씨네마(주),2018-02-01,미국,범죄,15세이상관람가,다양성영화,예술영화,132분 24초,미쉘 윌리엄스,크리스토퍼 플러머,마크 월버그,10,21,2693,2,5550
66698,라스트 스탠드,김지운,씨제이이앤엠(주),2013-02-21,미국,액션,청소년관람불가,상업영화,일반영화,107분 0초,아놀드 슈왈제네거,포레스트 휘테커,루이스 구즈만,5,8,1839,2,8221
66075,다크 플레이스,질스 파겟-브레너,"(주)스톰픽쳐스코리아,주식회사 우리네트웍스",2015-07-15,미국,드라마,청소년관람불가,상업영화,일반영화,113분 0초,샤를리즈 테론,니콜라스 홀트,클로이 모레츠,2,3,746,7,8603
66074,패트리어트 데이,피터 버그,(주)이수C&E,2017-04-06,미국,드라마,15세이상관람가,상업영화,일반영화,133분 23초,마크 월버그,존 굿맨,케빈 베이컨,40,105,11381,4,9580
65887,레터스 투 갓,데이빗 닉슨,(주)모멘텀엔터테인먼트,2016-02-25,미국,가족,전체관람가,다양성영화,예술영화,113분 51초,태너 맥과이어,제프리 존슨,NA,10,39,5701,2,2707
65460,더 크리스마스,티모시 렉카트,소니픽쳐스엔터테인먼트코리아주식회사극장배급지점,2017-12-21,미국,애니메이션,전체관람가,상업영화,일반영화,85분 58초,스티븐 연,지나 로드리게즈,재커리 레비,2,5,598,12,4525
65145,데몰리션,장 마크 발레,(주)리틀빅픽쳐스,2016-07-13,미국,드라마,청소년관람불가,다양성영화,예술영화,100분 24초,제이크 질렌할,나오미 왓츠,유다 르위스,1,9,1693,7,3760
63108,로우리스: 나쁜 영웅들,존 힐코트,씨너스엔터테인먼트(주),2012-10-18,미국,액션,청소년관람불가,상업영화,일반영화,115분 0초,샤이아 라보프,톰 하디,게리 올드만,12,24,5348,10,10562
63073,히트맨: 에이전트 47,알렉산더 바흐,이십세기폭스코리아(주),2015-09-03,미국,액션,15세이상관람가,상업영화,일반영화,98분 0초,루퍼트 프렌드,재커리 퀸토,한나 웨어,1,4,1310,9,7599
62454,리틀 프린세스 소피아 : 신비한 섬,제이미 미첼,월트디즈니컴퍼니코리아 유한책임회사,2017-09-28,미국,애니메이션,전체관람가,상업영화,일반영화,63분 42초,김미랑,서지연,아리엘 윈터,2,3,450,9,760
62016,위아영,노아 바움백,"(주)브리즈픽처스,(주)영화사오원",2015-05-14,미국,코미디,15세이상관람가,다양성영화,예술영화,97분 6초,벤 스틸러,나오미 왓츠,아만다 사이프리드,11,17,1705,5,5314
61808,황당한 외계인: 폴,그렉 모톨라,유니버설픽쳐스인터내셔널 코리아(유),2011-04-07,미국,코미디,15세이상관람가,상업영화,일반영화,104분 0초,닉 프로스트,제이슨 베이트먼,사이먼 페그,1,2,0,4,5002
60788,내 여자친구의 결혼식,폴 페이그,유니버설픽쳐스인터내셔널 코리아(유),2011-08-25,미국,코미디,청소년관람불가,상업영화,일반영화,124분 0초,로즈 번,크리스틴 위그,마야 루돌프,2,3,0,8,7644
60520,휴고,마틴 스콜세지,씨제이이앤엠(주),2012-02-29,미국,가족,전체관람가,상업영화,일반영화,125분 0초,아사 버터필드,클로이 모레츠,NA,2,7,408,2,5558
60048,행오버 2,토드 필립스,워너브러더스 코리아(주),2011-08-25,미국,코미디,청소년관람불가,상업영화,일반영화,102분 0초,브래들리 쿠퍼,에드 헬름스,켄 정,1,2,520,8,7094
59881,더 퍼지 : 거리의 반란,제임스 드모나코,유니버설픽쳐스인터내셔널 코리아(유),2014-08-27,미국,공포(호러),청소년관람불가,상업영화,일반영화,103분 29초,프랭크 그릴로,자크 길포드,키엘 산체스,10,30,6909,8,12045
58784,트럼보,제이 로치,"그린나래미디어(주),(주)프레인글로벌",2016-04-07,미국,드라마,15세이상관람가,다양성영화,예술영화,124분 9초,브라이언 크랜스톤,다이안 레인,헬렌 미렌,47,90,7050,4,5267
58704,파더 앤 도터,가브리엘 무치노,(주)박수엔터테인먼트,2015-12-10,미국,드라마,15세이상관람가,상업영화,일반영화,90분 46초,아만다 사이프리드,러셀 크로우,아론 폴,34,81,10450,12,8076
56515,대니 콜린스,댄 포겔맨,"(주)나이너스엔터테인먼트,(주)지어소프트",2015-09-30,미국,드라마,15세이상관람가,다양성영화,예술영화,106분 17초,알 파치노,아네트 베닝,제니퍼 가너,29,58,4160,9,6045
55892,나이트 크롤러,댄 길로이,(주)스톰픽쳐스코리아,2015-02-26,미국,범죄,청소년관람불가,다양성영화,예술영화,118분 2초,제이크 질렌할,빌 팩스톤,NA,17,28,3826,2,6302
55875,더 보이,윌리엄 브렌트 벨,(주)리틀빅픽쳐스,2016-06-01,미국,공포(호러),15세이상관람가,다양성영화,예술영화,97분 12초,로렌 코핸,루퍼트 에반스,NA,2,5,1084,6,4180
55561,워터 포 엘리펀트,프란시스 로렌스,이십세기폭스코리아(주),2011-05-04,미국,드라마,15세이상관람가,상업영화,일반영화,120분 0초,리즈 위더스푼,로버트 패틴슨,크리스토프 왈츠,6,7,1285,5,5778
55110,위시 어폰,존 R. 레오네티,(주)이수C&E,2017-07-20,미국,공포(호러),15세이상관람가,상업영화,일반영화,90분 12초,조이 킹,이기홍,NA,1,2,343,7,9819
54972,파라노말 액티비티: 더 고스트 디멘션,그레고리 플로킨,(주)박수엔터테인먼트,2016-04-21,미국,미스터리,15세이상관람가,상업영화,일반영화,87분 58초,크리스 J. 머레이,브릿 쇼,아이비 조지,307,800,5604,4,6854
54511,헤이와이어,스티븐 소더버그,씨너스엔터테인먼트(주),2012-07-05,미국,액션,15세이상관람가,상업영화,일반영화,92분 0초,이완 맥그리거,지나 카라노,마이클 패스벤더,2,3,286,7,7147
54461,파라노말 액티비티4,"아리엘 슐만,헨리 유스트",씨제이이앤엠(주),2012-10-25,미국,스릴러,15세이상관람가,상업영화,일반영화,87분 0초,케이티 피더스턴,캐서린 뉴튼,잭 에스트린,3,6,1161,10,7195
54239,살인소설,스콧 데릭슨,씨너스엔터테인먼트(주),2012-11-15,미국,미스터리,청소년관람불가,상업영화,일반영화,110분 0초,에단 호크,빈센트 도노프리오,제임스 랜슨,2,5,890,11,6533
53779,맨체스터 바이 더 씨,케네스 로너건,THE 픽쳐스,2017-02-15,미국,드라마,15세이상관람가,다양성영화,예술영화,136분 44초,케이시 애플렉,미쉘 윌리엄스,카일 챈들러,17,39,3618,2,2887
53103,디센던트,알렉산더 페인,이십세기폭스코리아(주),2012-02-16,미국,코미디,15세이상관람가,다양성영화,예술영화,115분 0초,조지 클루니,주디 그리어,NA,1,4,684,2,3799
52426,호프 스프링즈,데이빗 프랭클,(주)시너지하우스 (시너지),2013-04-04,미국,멜로/로맨스,청소년관람불가,상업영화,일반영화,100분 0초,메릴 스트립,토미 리 존스,스티브 카렐,5,16,2847,4,4305
52197,더 비지트,M. 나이트 샤말란,유니버설픽쳐스인터내셔널 코리아(유),2015-10-15,미국,스릴러,15세이상관람가,상업영화,일반영화,93분 58초,디애너 듀나건,피터 맥로비,에드 옥슨볼드,1,2,337,10,7372
51867,매혹당한 사람들,소피아 코폴라,유니버설픽쳐스인터내셔널 코리아(유),2017-09-06,미국,스릴러,15세이상관람가,다양성영화,예술영화,93분 38초,니콜 키드먼,커스틴 던스트,엘르 패닝,12,24,2240,9,5619
51553,스카이포스 3D,토니 탕,(주)미디어데이,2013-02-28,미국,애니메이션,전체관람가,상업영화,일반영화,81분 0초,아론 크렙스,헤더 고든,NA,6,15,3247,2,9258
51228,트리 오브 라이프,테렌스 맬릭,(주)에스비에스콘텐츠허브,2011-10-27,미국,드라마,15세이상관람가,다양성영화,예술영화,137분 0초,브래드 피트,피오나 쇼,숀 펜,4,13,2208,10,4082
51151,빅 미라클,켄 콰피스,유니버설픽쳐스인터내셔널 코리아(유),2012-02-23,미국,드라마,전체관람가,상업영화,일반영화,107분 0초,드류 베리모어,크리스틴 벨,NA,158,484,8027,2,5568
50839,더 씽,매티스 반 헤이닌겐 주니어,(주)싸이더스,2012-06-14,미국,공포(호러),15세이상관람가,상업영화,일반영화,103분 0초,메리 엘리자베스 윈스티드,조엘 에저튼,에릭 크리스찬 올슨,1,1,543,6,5038
50783,윈드 리버,테일러 쉐리던,(주)유로커뮤니케이션,2017-09-14,미국,액션,15세이상관람가,다양성영화,예술영화,111분 4초,제레미 레너,엘리자베스 올슨,존 번탈,22,61,7188,9,4393
50768,브루클린,존 크로울리,이십세기폭스코리아(주),2016-04-21,미국,드라마,12세이상관람가,다양성영화,예술영화,111분 14초,시얼샤 로넌,도널 글리슨,NA,3,9,1117,4,1356
50631,포레스트: 죽음의 숲,제이슨 자다,유니버설픽쳐스인터내셔널 코리아(유),2016-03-30,미국,공포(호러),12세이상관람가,상업영화,일반영화,93분 7초,나탈리 도메르,테일러 키니,이오인 맥큰,1,3,250,3,5536
50163,인시디어스,제임스 완,(주)쇼박스,2012-09-13,미국,공포(호러),15세이상관람가,상업영화,일반영화,102분 0초,패트릭 윌슨,로즈 번,바바라 허쉬,5,8,2169,9,5373
49958,언더더씨,에반 트라멜,(주)팝엔터테인먼트,2017-06-22,미국,애니메이션,전체관람가,상업영화,일반영화,71분 21초,김연우,황창영,김경희,1,1,326,6,872
48931,미스 사이공 : 25주년 특별 공연,브렛 설리반,유니버설픽쳐스인터내셔널 코리아(유),2016-11-24,미국,공연,15세이상관람가,상업영화,일반영화,175분 14초,알리스태어 브래머,에바 노블자다,홍광호,9,10,423,11,3133
48844,스트레이트 아웃 오브 컴턴,F. 게리 그레이,유니버설픽쳐스인터내셔널 코리아(유),2015-09-10,미국,드라마,청소년관람불가,상업영화,일반영화,146분 39초,오셔 잭슨 주니어,코리 호킨스,제이슨 미첼,1,6,586,9,4393
48051,미스 슬로운,존 매든,(주)메인타이틀픽쳐스,2017-03-29,미국,드라마,15세이상관람가,다양성영화,예술영화,132분 0초,제시카 차스테인,구구 바샤-로,알리슨 필,9,20,3431,3,3474
47668,매기스 플랜,레베카 밀러,오드,2017-01-25,미국,코미디,15세이상관람가,다양성영화,예술영화,98분 34초,에단 호크,줄리안 무어,그레타 거윅,5,13,2316,1,2278
47540,온리 더 브레이브,조셉 코신스키,㈜코리아스크린,2018-03-07,미국,드라마,12세이상관람가,상업영화,일반영화,133분 28초,조슈 브롤린,마일즈 텔러,제프 브리지스,5,17,2481,3,9193
47226,머니 몬스터,조디 포스터,유니버설픽쳐스인터내셔널 코리아(유),2016-08-31,미국,스릴러,15세이상관람가,상업영화,일반영화,97분 40초,조지 클루니,줄리아 로버츠,잭 오코넬,1,3,506,8,8572
47197,트리플 9,존 힐코트,(주)리틀빅픽쳐스,2016-04-20,미국,범죄,청소년관람불가,상업영화,일반영화,115분 23초,치웨텔 에지오포,케이트 윈슬렛,안소니 마키,4,12,1347,4,7384
47088,잃어버린 도시 Z,제임스 그레이,(주)영화사 빅,2017-09-21,미국,액션,12세이상관람가,다양성영화,예술영화,140분 35초,찰리 허냄,로버트 패틴슨,시에나 밀러,2,3,515,9,7901
46781,이스케이프,존 에릭 도들,(주)넥스트엔터테인먼트월드(NEW),2015-11-05,미국,액션,15세이상관람가,상업영화,일반영화,103분 10초,오웬 윌슨,피어스 브로스넌,레이크 벨,2,4,979,11,4872
46735,크림슨 피크,길예르모 델 토로,유니버설픽쳐스인터내셔널 코리아(유),2015-11-25,미국,판타지,청소년관람불가,상업영화,일반영화,118분 39초,톰 히들스턴,제시카 차스테인,미아 와시코브스카,1,2,392,11,6117
46723,스크림 4G,웨스 크레이븐,(주)시너지하우스 (시너지),2011-06-09,미국,미스터리,청소년관람불가,상업영화,일반영화,110분 0초,니브 캠벨,데이빗 아퀘트,헤이든 파네티어,10,10,2003,6,5337
46638,갤럭시 히어로즈: 라쳇 앤 클랭크,케빈 먼로,(주)영화사 빅,2016-08-17,미국,애니메이션,전체관람가,다양성영화,예술영화,84분 51초,폴 지아마티,존 굿맨,벨라 손,5,11,2156,8,4849
46589,엘리노어 릭비: 그 남자 그 여자,네드 벤슨,(주)이수C&E,2015-04-09,미국,드라마,15세이상관람가,다양성영화,예술영화,122분 39초,제임스 맥어보이,제시카 차스테인,이자벨 위페르,3,17,1545,4,4682
46487,"스탠바이, 웬디",벤 루윈,판씨네마(주),2018-05-30,미국,드라마,전체관람가,다양성영화,예술영화,93분 0초,다코타 패닝,토니 콜렛,앨리스 이브,7,18,1067,5,6527
46469,마더!,대런 아로노프스키,롯데쇼핑㈜롯데엔터테인먼트,2017-10-19,미국,드라마,청소년관람불가,상업영화,일반영화,121분 2초,제니퍼 로렌스,하비에르 바르뎀,에드 해리스,17,19,1907,10,6976
46373,하드코어 헨리,일리야 나이슐러,"㈜코리아스크린,와이드 릴리즈(주)",2016-05-19,미국,액션,청소년관람불가,상업영화,일반영화,96분 19초,샬토 코플리,해일리 베넷,팀 로스,10,15,2158,5,12773
46285,블레어 위치,아담 윈가드,㈜코리아스크린,2016-11-23,미국,공포(호러),15세이상관람가,상업영화,일반영화,89분 3초,NA,NA,NA,2,4,354,11,3599
46079,송 원,케이트 베커-플로이랜드,(주)박수엔터테인먼트,2015-04-01,미국,드라마,15세이상관람가,다양성영화,예술영화,88분 38초,앤 해서웨이,자니 플린,NA,3,8,1520,4,5620
45484,리틀 프린세스 소피아: 엘레나와 비밀의 아발로 왕국,제이미 미첼,월트디즈니컴퍼니코리아 유한책임회사,2017-04-13,미국,애니메이션,전체관람가,상업영화,일반영화,63분 11초,아리엘 윈터,아이미 카레로,제인 폰다,1,1,4,4,530
45166,한 번 더 해피엔딩,마크 로렌스,(주)팝엔터테인먼트,2015-04-08,미국,멜로/로맨스,15세이상관람가,다양성영화,예술영화,106분 46초,휴 그랜트,마리사 토메이,앨리슨 제니,2,9,1246,4,5356
44839,내가 죽기 전에 가장 듣고 싶은 말,마크 펠링톤,"(주)메인타이틀픽쳐스,주식회사 키위컴퍼니",2017-07-19,미국,코미디,12세이상관람가,다양성영화,예술영화,107분 27초,셜리 맥클레인,아만다 사이프리드,앤 헤이시,9,25,3431,7,6015
44689,킹메이커,조지 클루니,(주)시너지하우스 (시너지),2012-04-19,미국,드라마,15세이상관람가,상업영화,일반영화,101분 0초,라이언 고슬링,조지 클루니,필립 세이모어 호프만,1,4,606,4,4861
44677,호두까기인형 3D,안드레이 콘찰로프스키,(주)나이너스엔터테인먼트,2013-01-03,미국,가족,전체관람가,상업영화,일반영화,96분 0초,엘르 패닝,존 터투로,네이단 레인,6,34,2498,1,5390
44546,저스티스,로저 도널드슨,(주)쇼박스,2012-03-15,미국,액션,청소년관람불가,상업영화,일반영화,105분 0초,니콜라스 케이지,가이 피어스,재뉴어리 존스,2,2,304,3,4592
43978,프랑켄위니,팀 버튼,소니픽쳐스릴리징월트디즈니스튜디오스코리아(주),2012-10-11,미국,애니메이션,12세이상관람가,상업영화,일반영화,87분 0초,위노나 라이더,캐서린 오하라,찰리 타헨,3,4,1304,10,2385
43613,울브스,데이비드 헤이터,(주)프레인글로벌,2014-11-13,미국,판타지,15세이상관람가,상업영화,일반영화,90분 1초,루카스 틸,메릿 패터슨,제이슨 모모아,10,11,1671,11,7377
42708,호스트,앤드류 니콜,(주)넥스트엔터테인먼트월드(NEW),2013-04-04,미국,SF,15세이상관람가,상업영화,일반영화,125분 23초,시얼샤 로넌,다이앤 크루거,맥스 아이언스,1,3,732,4,8467
41301,나쁜 이웃들,니콜라스 스톨러,유니버설픽쳐스인터내셔널 코리아(유),2014-07-03,미국,코미디,청소년관람불가,상업영화,일반영화,96분 43초,세스 로건,로즈 번,잭 에프런,83,203,2730,7,4923
41242,스니치,릭 로만 워프,(주)마인스 엔터테인먼트,2013-05-09,미국,액션,15세이상관람가,상업영화,일반영화,111분 46초,드웨인 존슨,수잔 서랜든,NA,6,7,1195,5,4746
40766,세인트 클라우드,버 스티어스,유니버설픽쳐스인터내셔널 코리아(유),2011-01-13,미국,멜로/로맨스,12세이상관람가,상업영화,일반영화,99분 0초,잭 애프론,NA,NA,4,10,49,1,5048
40519,데모닉,윌 캐논,(주)와우픽쳐스,2015-06-25,미국,공포(호러),15세이상관람가,다양성영화,예술영화,83분 4초,마리아 벨로,프랭크 그릴로,코디 혼,1,2,259,6,7169
40366,코블러,토마스 맥카시,씨네그루(주)다우기술,2015-04-08,미국,판타지,15세이상관람가,다양성영화,예술영화,96분 41초,아담 샌들러,더스틴 호프만,스티브 부세미,7,19,3161,4,4541
40221,이모티: 더 무비,토니 레온디스,소니픽쳐스엔터테인먼트코리아주식회사극장배급지점,2017-08-02,미국,애니메이션,전체관람가,상업영화,일반영화,91분 11초,T.J. 밀러,제임스 코든,안나 패리스,1,1,151,8,6710
40096,아델라인 : 멈춰진 시간,리 톨랜드 크리거,(주)쇼박스,2015-10-15,미국,판타지,12세이상관람가,상업영화,일반영화,112분 35초,블레이크 라이블리,미치엘 휘즈먼,캐시 베이커,6,7,1495,10,3754
39731,세이프 헤이븐,라세 할스트롬,(주)팝엔터테인먼트,2013-11-06,미국,멜로/로맨스,15세이상관람가,다양성영화,예술영화,115분 34초,조쉬 더하멜,줄리안 허프,코비 스멀더스,7,15,3032,11,2360
38305,나의 그리스식 웨딩 2,커크 존스,(주)이수C&E,2016-03-30,미국,코미디,15세이상관람가,상업영화,일반영화,94분 15초,니아 발다로스,존 코베트,엘레나 캠푸리스,2,7,1940,3,5692
38149,신은 죽지 않았다,해롤드 크론크,"(주)씨타마운틴픽쳐스,(주)에스와이코마드",2015-04-16,미국,드라마,12세이상관람가,다양성영화,예술영화,112분 53초,쉐인 하퍼,케빈 소르보,트리샤 라파체,4,11,1586,4,1769
37547,슈퍼노바 지구 탈출기,캘런 브런커,(주)영화사 빅,2014-02-13,미국,애니메이션,전체관람가,상업영화,일반영화,89분 0초,제시카 알바,브렌든 프레이저,사라 제시카 파커,9,18,3251,2,2218
37134,사이드 이펙트,스티븐 소더버그,롯데쇼핑㈜롯데엔터테인먼트,2013-07-11,미국,스릴러,청소년관람불가,상업영화,일반영화,105분 46초,주드 로,루니 마라,채닝 테이텀,2,3,648,7,4096
36350,다크 하우스,대런 린 보우즈만,"(주)스톰픽쳐스코리아,(주)디스테이션",2017-06-22,미국,공포(호러),청소년관람불가,다양성영화,예술영화,99분 15초,제시카 론디스,조 앤더슨,린 샤예,3,6,549,6,8171
36068,더 스토리: 세상에 숨겨진 사랑,"브라이언 클러그만,리 스턴탈",(주)에스비에스콘텐츠허브,2012-12-06,미국,드라마,15세이상관람가,다양성영화,예술영화,102분 0초,브래들리 쿠퍼,조 샐다나,제레미 아이언스,2,2,781,12,3586
35517,빌리와 용감한 녀석들: 치킨 히어로,"가브리엘 리바 팔라시오 알라트리스테,로돌포 리바 팔라시오 알라트리스테","(주)박수엔터테인먼트,㈜코리아스크린",2016-02-17,미국,애니메이션,전체관람가,다양성영화,예술영화,83분 55초,브루노 비치어,안젤리카 베일,오마 카파로,4,6,1195,2,2794
35328,문라이즈 킹덤,웨스 앤더슨,(주)영화사 진진,2013-01-31,미국,코미디,15세이상관람가,다양성영화,예술영화,94분 0초,브루스 윌리스,에드워드 노튼,빌 머레이,5,18,1335,1,1137
35318,브루클린의 멋진 주말,리차드 론크레인,(주)영화사 진진,2016-01-21,미국,드라마,12세이상관람가,다양성영화,예술영화,92분 25초,모건 프리먼,다이안 키튼,캐리 프레스톤,2,7,895,1,2277
35296,우리의 20세기,마이크 밀스,그린나래미디어(주),2017-09-27,미국,드라마,15세이상관람가,다양성영화,예술영화,118분 37초,아네트 베닝,그레타 거윅,엘르 패닝,3,15,2044,9,1475
34625,음모자,로버트 레드포드,판씨네마(주),2011-06-30,미국,드라마,12세이상관람가,다양성영화,예술영화,123분 0초,로빈 라이트,노먼 리더스,케빈 클라인,1,4,236,6,2049
34616,녹터널 애니멀스,톰 포드,유니버설픽쳐스인터내셔널 코리아(유),2017-01-11,미국,드라마,청소년관람불가,다양성영화,예술영화,116분 35초,에이미 아담스,제이크 질렌할,마이클 섀넌,17,21,2048,1,2551
34584,신은 죽지 않았다 2,해롤드 크론크,"(주)에스와이코마드,글뫼 주식회사",2016-04-07,미국,드라마,12세이상관람가,다양성영화,예술영화,120분 30초,멜리사 조안 하트,제시 멧칼피,NA,5,11,2137,4,1009
34517,파운더,존 리 행콕,CGV아트하우스,2017-04-20,미국,드라마,15세이상관람가,다양성영화,예술영화,115분 10초,마이클 키튼,NA,NA,2,10,1471,4,3730
34295,"헤일, 시저!","에단 코엔,조엘 코엔",유니버설픽쳐스인터내셔널 코리아(유),2016-03-24,미국,코미디,12세이상관람가,다양성영화,예술영화,105분 56초,조지 클루니,조슈 브롤린,스칼렛 요한슨,18,21,1770,3,4014
34184,7번째 내가 죽던 날,라이 루소 영,씨네그루(주)키다리이엔티,2017-05-31,미국,드라마,15세이상관람가,다양성영화,예술영화,98분 20초,조이 도이치,할스톤 세이지,엘레나 캠푸리스,2,5,1139,5,4812
33993,빅 웨딩,저스틴 잭햄,(주)나이너스엔터테인먼트,2013-06-27,미국,멜로/로맨스,청소년관람불가,상업영화,일반영화,87분 40초,아만다 사이프리드,벤 반스,로버트 드니로,4,5,1414,6,5044
33901,어메이징 메리,마크 웹,이십세기폭스코리아(주),2017-10-04,미국,드라마,12세이상관람가,다양성영화,예술영화,101분 2초,크리스 에반스,맥케나 그레이스,린제이 던컨,5,9,880,10,2344
33505,마스터,폴 토마스 앤더슨,(주)영화사 진진,2013-07-11,미국,드라마,청소년관람불가,다양성영화,예술영화,137분 49초,호와킨 피닉스,필립 세이모어 호프만,에이미 아담스,10,17,1317,7,1404
33469,코난: 암흑의 시대,마커스 니스펠,씨제이이앤엠(주),2012-04-05,미국,판타지,청소년관람불가,상업영화,일반영화,112분 0초,제이슨 모모아,레이첼 니콜스,스티븐 랭,2,3,752,4,4209
33360,배틀 오브 비보이,벤슨 리,소니픽쳐스릴리징월트디즈니스튜디오스코리아(주),2014-01-09,미국,드라마,12세이상관람가,상업영화,일반영화,109분 31초,조쉬 펙,조쉬 홀로웨이,NA,19,48,11047,1,2745
32668,킬 유어 달링,존 크로키다스,(주)영화사 진진,2014-10-16,미국,드라마,청소년관람불가,다양성영화,예술영화,102분 37초,다니엘 래드클리프,데인 드한,엘리자베스 올슨,1,6,493,10,3241
32453,꼬마 잠수함 올리 2,밥 두셋,예지림엔터테인먼트,2014-12-04,미국,애니메이션,전체관람가,상업영화,일반영화,71분 51초,김경희,최윤정,윤세웅,3,6,1217,12,1852
32187,팔로우,데이빗 로버트 밋첼,"(주)영화사오원,(주)브리즈픽처스",2015-04-02,미국,공포(호러),청소년관람불가,다양성영화,예술영화,99분 56초,마이카 먼로,키어 길크리스,다니엘 조바토,2,7,1302,4,4885
32021,극장판 위 베어 베어스: 곰 브라더스,매니 에르난데스,(주)팝엔터테인먼트,2017-08-24,미국,애니메이션,전체관람가,상업영화,일반영화,61분 55초,NA,NA,NA,2,3,618,8,3021
31152,더 브레이브,"에단 코엔,조엘 코엔",씨제이엔터테인먼트,2011-02-24,미국,드라마,15세이상관람가,상업영화,일반영화,110분 0초,맷 데이먼,조슈 브롤린,제프 브리지스,4,5,837,2,2310
31101,초콜렛 도넛,트래비스 파인,CGV아트하우스,2014-10-02,미국,드라마,15세이상관람가,다양성영화,예술영화,97분 57초,알란 커밍,아이작 레이바,가렛 딜라헌트,15,38,3157,10,2171
31032,러브액츄얼리: 크리스마스 에디션,리차드 커티스,(주)팝엔터테인먼트,2013-12-18,미국,멜로/로맨스,청소년관람불가,다양성영화,예술영화,134분 47초,휴 그랜트,콜린 퍼스,리암 니슨,1,1,200,12,1005
30656,앵그리스트 맨,필 알덴 로빈슨,브릿지웍스 엔터테인먼트(주),2014-10-30,미국,드라마,15세이상관람가,다양성영화,예술영화,83분 13초,로빈 윌리엄스,밀라 쿠니스,NA,4,7,1335,10,2782
30525,쿠보와 전설의 악기,트래비스 나이트,유니버설픽쳐스인터내셔널 코리아(유),2016-10-26,미국,애니메이션,전체관람가,상업영화,일반영화,102분 4초,샤를리즈 테론,랄프 파인즈,루니 마라,3,5,924,10,906
30221,드라이브 앵그리 3D,패트릭 루지어,롯데쇼핑㈜롯데엔터테인먼트,2011-08-25,미국,액션,청소년관람불가,상업영화,일반영화,104분 0초,니콜라스 케이지,엠버 허드,NA,1,1,173,8,5229
30140,지골로 인 뉴욕,존 터투로,(주)나이너스엔터테인먼트,2014-09-25,미국,멜로/로맨스,청소년관람불가,다양성영화,예술영화,90분 5초,존 터투로,우디 앨런,샤론 스톤,4,8,1445,9,3701
29728,33,패트리시아 리건,(주)나이너스엔터테인먼트,2016-04-07,미국,드라마,12세이상관람가,상업영화,일반영화,126분 22초,안토니오 반데라스,로드리고 산토로,줄리엣 비노쉬,64,160,15227,4,3705
29648,내 인생의 마지막 변화구,로버트 로렌즈,워너브러더스 코리아(주),2012-11-29,미국,드라마,12세이상관람가,상업영화,일반영화,111분 0초,클린트 이스트우드,에이미 아담스,저스틴 팀버레이크,4,14,3234,11,2730
29552,루비 스팍스,"조나단 데이턴,발레리 페리스",(주)팝엔터테인먼트,2018-05-10,미국,코미디,15세이상관람가,다양성영화,예술영화,104분 0초,폴 다노,조 카잔,NA,2,4,664,5,2726
29441,너브,"헨리 유스트,아리엘 슐만",(주)박수엔터테인먼트,2017-01-11,미국,어드벤처,15세이상관람가,상업영화,일반영화,96분 9초,엠마 로버츠,줄리엣 루이스,NA,2,3,433,1,4665
29354,몬태나,스콧 쿠퍼,판씨네마(주),2018-04-19,미국,드라마,15세이상관람가,다양성영화,예술영화,131분 11초,크리스찬 베일,로자먼드 파이크,웨스 스투디,5,16,2046,4,3775
29217,리빙보이 인 뉴욕,마크 웹,주식회사 더쿱,2017-11-09,미국,멜로/로맨스,15세이상관람가,다양성영화,예술영화,88분 41초,칼럼 터너,제프 브리지스,케이트 베킨세일,16,23,2618,11,4417
28507,머드,제프 니콜스,(주)프레인글로벌,2013-11-28,미국,드라마,15세이상관람가,다양성영화,예술영화,131분 0초,매튜 매커너히,리즈 위더스푼,마이클 섀넌,5,16,2361,11,2539
28477,크리미널 스쿼드,크리스찬 구드가스트,(주)이수C&E,2018-04-19,미국,범죄,15세이상관람가,상업영화,일반영화,123분 47초,제라드 버틀러,파블로 쉬레이버,NA,3,4,339,4,4826
28220,서프러제트,사라 가브론,유니버설픽쳐스인터내셔널 코리아(유),2016-06-23,미국,드라마,12세이상관람가,다양성영화,예술영화,106분 58초,캐리 멀리건,헬레나 본햄 카터,메릴 스트립,4,7,355,6,1489
27858,나를 미치게 하는 여자,주드 아패토우,유니버설픽쳐스인터내셔널 코리아(유),2015-12-10,미국,코미디,청소년관람불가,상업영화,일반영화,124분 39초,에이미 슈머,빌 헤이더,NA,8,45,10572,12,3014
27854,키드냅,루이스 프리에토,(주)제이앤씨미디어그룹,2017-11-22,미국,액션,15세이상관람가,다양성영화,예술영화,94분 29초,할리 베리,NA,NA,9,14,1362,11,3615
27847,스페이스 비트윈 어스,피터 첼섬,씨네그루(주)키다리이엔티,2017-03-16,미국,어드벤처,12세이상관람가,다양성영화,예술영화,120분 10초,게리 올드만,아사 버터필드,칼라 구기노,5,9,1399,3,4401
27840,걸 온 더 트레인,테이트 테일러,씨제이이앤엠(주),2017-03-09,미국,드라마,청소년관람불가,상업영화,일반영화,112분 7초,에밀리 블런트,해일리 베넷,루크 에반스,3,5,1350,3,4046
27412,위아 유어 프렌즈,맥스 조셉,씨네그루(주)다우기술,2015-11-12,미국,드라마,청소년관람불가,상업영화,일반영화,96분 27초,잭 에프런,에밀리 라타이코프스키,NA,31,106,18896,11,2658
27279,라자루스,데이빗 겔브,(유)조이앤시네마,2015-07-02,미국,공포(호러),15세이상관람가,상업영화,일반영화,83분 5초,올리비아 와일드,에반 피터스,마크 듀플라스,3,4,851,7,3137
27010,아워 이디엇 브라더,제시 페레츠,씨너스엔터테인먼트(주),2012-11-29,미국,드라마,청소년관람불가,다양성영화,예술영화,90분 0초,폴 러드,주이 디샤넬,엘리자베스 뱅크스,6,10,2296,11,2501
26812,러브 앤 머시,빌 포래드,판씨네마(주),2015-07-30,미국,드라마,15세이상관람가,다양성영화,예술영화,120분 51초,존 쿠삭,폴 다노,엘리자베스 뱅크스,7,11,1934,7,1288
26640,머신건 프리처,마크 포스터,(주)팝파트너스,2012-05-24,미국,액션,15세이상관람가,상업영화,일반영화,123분 0초,제라드 버틀러,미셸 모나한,매들린 캐롤,8,28,4943,5,2150
26629,리멤버 미,앨런 콜터,㈜케이디미디어,2011-03-03,미국,멜로/로맨스,15세이상관람가,상업영화,일반영화,112분 0초,로버트 패틴슨,에밀리 드 라빈,크리스 쿠퍼,68,90,2499,3,2891
26387,원 포 더 머니,줄리 앤 로빈슨,씨너스엔터테인먼트(주),2012-02-16,미국,멜로/로맨스,15세이상관람가,다양성영화,예술영화,91분 0초,캐서린 헤이글,제이슨 오마라,다니엘 선자타,63,113,3984,2,3228
26262,트레이서,다니엘 벤마요,"(주)영화사오원,(주)브리즈픽처스",2015-03-19,미국,액션,15세이상관람가,상업영화,일반영화,93분 32초,테일러 로트너,마리 아브게로폴로스,NA,4,6,1209,3,3316
26027,원더스트럭,토드 헤인즈,CGV아트하우스,2018-05-03,미국,드라마,전체관람가,다양성영화,예술영화,115분 47초,줄리안 무어,오크스 페글리,미쉘 윌리엄스,5,14,1757,5,3119
25595,골드,스티븐 개건,CGV아트하우스,2017-03-22,미국,드라마,15세이상관람가,다양성영화,예술영화,120분 16초,매튜 매커너히,브라이스 달라스 하워드,에드가 라미레즈,5,14,2960,3,4355
25288,매직 마이크,스티븐 소더버그,(주)나이너스엔터테인먼트,2012-08-01,미국,코미디,청소년관람불가,다양성영화,예술영화,110분 0초,채닝 테이텀,알렉스 페티퍼,매튜 매커너히,6,10,2051,8,2367
25260,트래쉬,스티븐 달드리,유니버설픽쳐스인터내셔널 코리아(유),2015-05-14,미국,어드벤처,15세이상관람가,다양성영화,예술영화,113분 43초,루니 마라,마틴 쉰,릭슨 테베즈,45,79,1615,5,2087
24579,환상의 그대,우디 알렌,(주)티캐스트,2011-01-27,미국,멜로/로맨스,청소년관람불가,다양성영화,예술영화,98분 0초,조슈 브롤린,안소니 홉킨스,안토니오 반데라스,1,8,1544,1,711
24268,나이스 가이즈,쉐인 블랙,메가박스중앙(주)플러스엠,2016-07-06,미국,범죄,청소년관람불가,상업영화,일반영화,115분 43초,러셀 크로우,라이언 고슬링,맷 보머,1,1,203,7,5010
24083,폭스캐처,베넷 밀러,그린나래미디어(주),2015-02-05,미국,드라마,청소년관람불가,다양성영화,예술영화,134분 18초,채닝 테이텀,스티브 카렐,마크 러팔로,16,21,2173,2,1744
23883,프라미스드 랜드,구스 반 산트,CGV아트하우스,2013-12-12,미국,드라마,12세이상관람가,다양성영화,예술영화,106분 19초,맷 데이먼,프란시스 맥도먼드,존 크랜신스키,3,9,1049,12,1170
23597,타임 투 러브,저스틴 리어든,(주)인벤트스톤,2014-10-23,미국,코미디,청소년관람불가,상업영화,일반영화,94분 26초,크리스 에반스,미셸 모나한,NA,11,23,4056,10,4720
23462,코드네임 제로니모,존 스톡웰,씨너스엔터테인먼트(주),2012-12-13,미국,액션,15세이상관람가,상업영화,일반영화,99분 0초,캠 지갠뎃,윌리엄 피츠너,로버트 네퍼,3,6,1080,12,2330
23269,개들의 섬,웨스 앤더슨,이십세기폭스코리아(주),2018-06-21,미국,코미디,12세이상관람가,상업영화,일반영화,101분 1초,브라이언 크랜스톤,스칼렛 요한슨,빌 머레이,6,26,2098,6,2427
23061,로건 럭키,스티븐 소더버그,(주)스톰픽쳐스코리아,2018-03-14,미국,코미디,12세이상관람가,다양성영화,예술영화,118분 56초,채닝 테이텀,다니엘 크레이그,아담 드라이버,2,6,852,3,3238
22771,알렉스 크로스,롭 코헨,(주)인벤트스톤,2013-03-14,미국,액션,청소년관람불가,상업영화,일반영화,101분 0초,매튜 폭스,타일러 페리,에드워드 번즈,6,16,2824,3,2622
22735,디트로이트,캐서린 비글로우,그린나래미디어(주),2018-05-31,미국,스릴러,15세이상관람가,다양성영화,예술영화,142분 52초,존 보예가,안소니 마키,NA,7,16,1144,5,2486
22466,피아니스트 세이모어의 뉴욕 소네트,에단 호크,(주)영화사 진진,2016-04-07,미국,다큐멘터리,전체관람가,다양성영화,예술영화,81분 6초,NA,NA,NA,1,3,359,4,166
22453,송 투 송,테렌스 맬릭,CGV아트하우스,2017-07-26,미국,드라마,청소년관람불가,다양성영화,예술영화,128분 18초,라이언 고슬링,루니 마라,NA,1,4,465,7,3906
22091,엔들리스 러브,샤나 페스트,유니버설픽쳐스인터내셔널 코리아(유),2014-03-13,미국,드라마,15세이상관람가,상업영화,일반영화,104분 33초,알렉스 페티퍼,라이스 웨이크필드,브루스 그린우드,4,16,1876,3,2675
21884,원더 휠,우디 앨런,(주)팝엔터테인먼트,2018-01-25,미국,드라마,15세이상관람가,다양성영화,예술영화,101분 3초,케이트 윈슬렛,주노 템플,저스틴 팀버레이크,4,13,1752,1,1800
21692,시크릿 인 데어 아이즈,빌리 레이,판씨네마(주),2016-04-27,미국,미스터리,15세이상관람가,상업영화,일반영화,110분 53초,치웨텔 에지오포,니콜 키드먼,줄리아 로버츠,2,5,381,4,2678
21604,차일드 44,다니엘 에스피노사,(주)넥스트엔터테인먼트월드(NEW),2015-05-28,미국,스릴러,청소년관람불가,상업영화,일반영화,137분 0초,톰 하디,게리 올드만,조엘 킨나만,2,3,756,5,2954
21571,빌리 엘리어트 뮤지컬 라이브,스티븐 달드리,유니버설픽쳐스인터내셔널 코리아(유),2014-11-27,미국,뮤지컬,전체관람가,상업영화,일반영화,180분 0초,엘리엇 한나,루시에 헨쉘,데카 웜슬리,17,22,135,11,711
21088,플레이스 비욘드 더 파인즈,데릭 시엔프랜스,(주)미디어데이,2013-08-01,미국,범죄,청소년관람불가,다양성영화,예술영화,140분 50초,라이언 고슬링,브래들리 쿠퍼,에바 멘데스,2,7,606,8,756
20702,워리어,개빈 오코너,(주)화앤담이엔티,2011-11-02,미국,드라마,15세이상관람가,상업영화,일반영화,121분 0초,닉 놀테,톰 하디,조엘 에저튼,7,33,5233,11,1262
20491,플라이트,로버트 저메키스,씨제이이앤엠(주),2013-02-28,미국,드라마,청소년관람불가,상업영화,일반영화,138분 0초,덴젤 워싱턴,돈 치들,켈리 라일리,2,7,1342,2,2858
20448,세기의 매치,에드워드 즈윅,판씨네마(주),2016-01-28,미국,드라마,12세이상관람가,다양성영화,예술영화,114분 38초,토비 맥과이어,리브 슈라이버,피터 사스가드,7,13,2580,1,3112
19986,극장판 어드벤처 타임: 비밀의 아일랜드,엘리자베스 이토,(주)팝엔터테인먼트,2017-04-13,미국,애니메이션,전체관람가,상업영화,일반영화,86분 39초,NA,NA,NA,5,5,1000,4,314
19952,빌리 진 킹: 세기의 대결,"발레리 페리스,조나단 데이턴",이십세기폭스코리아(주),2017-11-16,미국,코미디,15세이상관람가,상업영화,일반영화,121분 28초,엠마 스톤,스티브 카렐,NA,2,5,1117,11,1516
19933,러브레이스,"롭 엡스타인,제프리 프리드먼",씨너스엔터테인먼트(주),2013-10-17,미국,드라마,청소년관람불가,다양성영화,예술영화,92분 34초,아만다 사이프리드,샤론 스톤,제임스 프랭코,4,5,1160,10,2134
19897,세상의 끝까지 21일,로렌 스카파리아,(주)드림웨스트픽쳐스,2013-08-14,미국,드라마,15세이상관람가,다양성영화,예술영화,102분 20초,키이라 나이틀리,스티브 카렐,니콜 브라운,1,2,426,8,303
19716,파괴자들,올리버 스톤,유니버설픽쳐스인터내셔널 코리아(유),2012-10-31,미국,액션,청소년관람불가,상업영화,일반영화,131분 0초,테일러 키취,블레이크 라이블리,애런 존슨,1,1,0,10,2396
19460,디스커넥트,헨리 알렉스 루빈,(주)영화사 빅,2013-11-07,미국,드라마,청소년관람불가,다양성영화,예술영화,115분 32초,제이슨 베이트먼,알렉산더 스카스가드,폴라 패튼,13,34,4035,11,2189
19315,트루스,제임스 밴더빌트,(주)라이크 콘텐츠,2016-08-24,미국,드라마,15세이상관람가,다양성영화,예술영화,125분 3초,케이트 블란쳇,로버트 레드포드,토퍼 그레이스,2,8,820,8,2296
19287,이레셔널 맨,우디 앨런,(주)프레인글로벌,2016-07-21,미국,범죄,청소년관람불가,다양성영화,예술영화,94분 49초,호아킨 피닉스,엠마 스톤,파커 포시,1,5,717,7,1327
19142,에코,데이브 그린,"(주)박수엔터테인먼트,(주)필름오마쥬",2014-10-08,미국,SF,전체관람가,다양성영화,예술영화,91분 33초,테오 할름,아스트로,리스 하트위그,5,8,1615,10,649
18740,슬립리스: 크리미널 나이트,바란 보 오다르,(주)미디어로그,2017-03-08,미국,액션,15세이상관람가,상업영화,일반영화,94분 54초,제이미 폭스,미셸 모나한,데이빗 하버,3,6,1045,3,2226
18715,드라이브,니콜라스 윈딩 레픈,판씨네마(주),2011-11-17,미국,액션,청소년관람불가,다양성영화,예술영화,100분 0초,캐리 뮬리건,라이언 고슬링,NA,4,5,848,11,1488
18342,다음 침공은 어디?,마이클 무어,판씨네마(주),2016-09-08,미국,다큐멘터리,15세이상관람가,다양성영화,예술영화,120분 17초,NA,NA,NA,5,14,1383,9,466
18061,비비안 마이어를 찾아서,"존 말루프,찰리 시스켈",오드,2015-04-30,미국,다큐멘터리,전체관람가,다양성영화,예술영화,83분 55초,NA,NA,NA,9,32,1635,4,819
18042,버스 657,스콧 만,(주)스톰픽쳐스코리아,2016-01-14,미국,액션,15세이상관람가,상업영화,일반영화,92분 5초,로버트 드니로,제프리 딘 모건,데이브 바티스타,3,4,963,1,2235
18028,인카네이트,브래드 페이튼,판씨네마(주),2017-05-25,미국,스릴러,15세이상관람가,상업영화,일반영화,86분 28초,아론 에크하트,데이비드 매주즈,NA,1,2,316,5,3218
18023,초(민망한)능력자들,그랜트 헤스로브,팝엔터테인먼트,2011-07-07,미국,코미디,12세이상관람가,다양성영화,예술영화,93분 0초,조지 클루니,이완 맥그리거,케빈 스페이시,1,1,187,7,2541
17916,퍼펙트,닐스 아르덴 오플레브,(주)마인스 엔터테인먼트,2013-09-25,미국,액션,청소년관람불가,상업영화,일반영화,106분 55초,콜린 파렐,테렌스 하워드,누미 라파스,1,1,263,9,2775
17845,아이 캔 온리 이매진,"앤드류 어윈,존 어윈","(주)영화사 그램,TCO(주)더콘텐츠온",2018-06-21,미국,드라마,12세이상관람가,다양성영화,예술영화,110분 18초,매들린 캐롤,클로리스 리치먼,데니스 퀘이드,5,23,2975,6,2407
17691,"괜찮아요, 미스터 브래드",마이크 화이트,"(주)영화사 진진,(주)누리픽쳐스",2017-09-21,미국,드라마,12세이상관람가,다양성영화,예술영화,102분 25초,벤 스틸러,루크 윌슨,마이클 쉰,3,5,724,9,1476
17625,미라클 프롬 헤븐,패트리시아 리건,유니버설픽쳐스인터내셔널 코리아(유),2016-05-25,미국,드라마,전체관람가,상업영화,일반영화,108분 53초,제니퍼 가너,마틴 헨더슨,카일리 로저스,3,8,1678,5,612
17539,위험한 패밀리,뤽 베송,(주)프레인글로벌,2014-01-22,미국,코미디,청소년관람불가,다양성영화,예술영화,111분 36초,로버트 드니로,미쉘 파이퍼,토미 리 존스,7,11,2241,1,1310
17535,혼스,알렉산더 아야,(주)팝엔터테인먼트,2014-11-27,미국,판타지,청소년관람불가,상업영화,일반영화,119분 48초,다니엘 래드클리프,주노 템플,NA,1,1,214,11,2798
17423,세상의 모든 계절,마이크 리,(주)영화사 진진,2011-03-24,미국,드라마,12세이상관람가,다양성영화,예술영화,129분 0초,짐 브로드벤트,레슬리 맨빌,NA,1,1,41,3,370
17373,밀리언 웨이즈,세스 맥팔레인,유니버설픽쳐스인터내셔널 코리아(유),2014-06-12,미국,코미디,청소년관람불가,상업영화,일반영화,116분 0초,세스 맥팔레인,샤를리즈 테론,아만다 사이프리드,2,3,803,6,3258
17372,유아 낫 유,조지 C. 울프,(주)마인스 엔터테인먼트,2015-01-21,미국,드라마,15세이상관람가,상업영화,일반영화,102분 15초,힐러리 스웽크,에미 로섬,조쉬 더하멜,4,22,4101,1,1240
16912,월플라워,스티븐 크보스키,데이지엔터테인먼트,2013-04-11,미국,드라마,15세이상관람가,다양성영화,예술영화,102분 32초,엠마 왓슨,로건 레먼,이즈라 밀러,2,3,237,4,380
16555,오드토머스,스티븐 소머즈,(주)영화사 빅,2014-08-27,미국,액션,15세이상관람가,상업영화,일반영화,95분 51초,안톤 옐친,윌렘 데포,스티븐 소머즈,3,6,1076,8,4769
16199,링스,하비에르 구티에레즈,(주)다자인소프트,2017-04-06,미국,공포(호러),15세이상관람가,상업영화,일반영화,102분 2초,빈센트 도노프리오,자니 갈렉키,에이미 티가든,2,2,137,4,1880
16136,위 베어 베어스: 베이비 베어스,매니 에르난데스,(주)팝엔터테인먼트,2018-05-24,미국,애니메이션,전체관람가,다양성영화,예술영화,70분 27초,NA,NA,NA,5,5,1004,5,478
16029,셀마,에바 두버네이,찬란,2015-07-23,미국,드라마,12세이상관람가,다양성영화,예술영화,127분 51초,데이빗 오예로워,카르멘 에조고,톰 윌킨슨,7,18,2231,7,1051
15867,어바웃 리키,조나단 드미,유니버설픽쳐스인터내셔널 코리아(유),2015-09-03,미국,드라마,15세이상관람가,상업영화,일반영화,101분 17초,메릴 스트립,케빈 클라인,마미 검머,3,3,537,9,2057
15539,런던 블러바드,윌리엄 모나한,(주)팝파트너스,2012-09-20,미국,범죄,15세이상관람가,상업영화,일반영화,103분 0초,콜린 파렐,키이라 나이틀리,레이 윈스톤,9,27,3125,9,1757
15431,아메리칸 파이: 19금 동창회,"존 허위츠,헤이든 쉬로스버그",유니버설픽쳐스인터내셔널 코리아(유),2012-08-09,미국,코미디,청소년관람불가,상업영화,일반영화,111분 0초,제이슨 빅스,크리스 클라인,숀 윌리엄 스코트,118,306,1770,8,2219
15241,스톤,존 커랜,KT&G 상상마당 영화사업팀 컴퍼니에스에스(주),2011-10-06,미국,드라마,청소년관람불가,상업영화,일반영화,105분 0초,로버트 드니로,에드워드 노튼,밀라 요보비치,1,1,214,10,1995
15147,스턱 인 러브,조쉬 분,(주)앤드플러스미디어웍스,2014-02-20,미국,코미디,15세이상관람가,다양성영화,예술영화,95분 18초,릴리 콜린스,로건 레먼,NA,2,3,542,2,469
15053,블루 발렌타인,데릭 시엔프랜스,(주)영화사 진진,2012-05-31,미국,드라마,청소년관람불가,다양성영화,예술영화,112분 0초,라이언 고슬링,미쉘 윌리엄스,NA,2,7,773,5,748
15050,뷰티풀 라이,필리프 팔라도,씨제이이앤엠(주),2015-03-26,미국,드라마,12세이상관람가,다양성영화,예술영화,110분 16초,리즈 위더스푼,아놀드 오셍,게르 두아니,3,12,534,3,1059
15039,라이드 : 나에게로의 여행,헬렌 헌트,(주)티캐스트,2015-07-16,미국,드라마,15세이상관람가,다양성영화,예술영화,93분 8초,헬렌 헌트,루크 윌슨,브렌튼 스웨이츠,1,1,151,7,881
14976,캡틴 판타스틱,매트 로스,주식회사 더쿱,2016-11-30,미국,드라마,15세이상관람가,다양성영화,예술영화,119분 3초,비고 모텐슨,조지 맥케이,애너리즈 바쏘,6,35,1389,11,2260
14807,이민자,제임스 그레이,주식회사 씨네룩스,2015-09-03,미국,드라마,15세이상관람가,다양성영화,예술영화,117분 11초,마리옹 꼬띠아르,호아킨 피닉스,제레미 레너,16,21,1925,9,825
14744,데드폴,스테판 루조비츠키,(주)에스비에스콘텐츠허브,2013-01-23,미국,범죄,청소년관람불가,상업영화,일반영화,95분 0초,에릭 바나,올리비아 와일드,찰리 허냄,1,1,200,1,1277
14696,쇼를 사랑한 남자,스티븐 소더버그,(주)티캐스트콘텐츠허브,2013-10-09,미국,드라마,청소년관람불가,다양성영화,예술영화,118분 29초,마이클 더글라스,맷 데이먼,스콧 바큘라,2,3,710,10,719
14628,아마데우스 감독판,밀로스 포만,시네마 뉴원,2015-10-29,미국,드라마,12세이상관람가,다양성영화,예술영화,180분 15초,톰 헐스,F. 머레이 아브라함,NA,1,4,465,10,551
14426,갬빗,마이클 호프만,(주)나이너스엔터테인먼트,2013-11-28,미국,코미디,15세이상관람가,다양성영화,예술영화,89분 0초,콜린 퍼스,카메론 디아즈,에단 코엔 형제,2,4,754,11,3424
14343,리틀 보이,알레한드로 몬테베르드,메가박스중앙(주)플러스엠,2015-12-10,미국,드라마,12세이상관람가,다양성영화,예술영화,106분 23초,제이콥 살바티,에밀리 왓슨,캐리-히로유키 타가와,1,3,796,12,1455
14241,라스트 홈,라민 바흐러니,(주)브리즈픽처스,2016-04-07,미국,드라마,15세이상관람가,다양성영화,예술영화,112분 40초,앤드류 가필드,마이클 섀넌,로라 던,1,7,1017,4,1730
14153,아노말리사,"찰리 카우프만,듀크 존슨",롯데쇼핑㈜롯데엔터테인먼트,2016-03-30,미국,애니메이션,청소년관람불가,다양성영화,예술영화,90분 30초,데이빗 듈리스,제니퍼 제이슨 리,톰 누난,9,12,577,3,712
14134,해피 어게인,커트 보엘커,(주)엣나인필름,2018-03-28,미국,드라마,15세이상관람가,다양성영화,예술영화,99분 38초,J.K. 시몬스,줄리 델피,조쉬 위긴스,3,13,1859,3,833
14063,테레즈 라캥,찰리 스트레이턴,판씨네마(주),2014-07-10,미국,범죄,청소년관람불가,다양성영화,예술영화,106분 36초,엘리자베스 올슨,오스카 아이삭,톰 펠튼,5,8,1232,7,1259
13853,프로즌 그라운드,스콧 워커,(주)박수엔터테인먼트,2014-02-06,미국,스릴러,청소년관람불가,상업영화,일반영화,90분 0초,니콜라스 케이지,존 쿠삭,라다 미첼,1,1,126,2,2073
13747,헤이츠,마크 톤데라이,(주)나이너스엔터테인먼트,2012-12-06,미국,스릴러,15세이상관람가,상업영화,일반영화,100분 0초,제니퍼 로렌스,엘리자베스 슈,맥스 티에리옷,1,3,869,12,2300
13520,피치 퍼펙트,제이슨 무어,유니버설픽쳐스인터내셔널 코리아(유),2013-03-28,미국,코미디,15세이상관람가,상업영화,일반영화,112분 0초,안나 켄드릭,스카이라 애스틴,브리타니 스노우,3,7,1258,3,1643
13426,터미네이터 2 : 심판의 날 감독판,제임스 카메론,(주)팝엔터테인먼트,2013-11-14,미국,액션,15세이상관람가,상업영화,일반영화,155분 55초,아놀드 슈왈제네거,린다 해밀턴,에드워드 펄롱,1,2,452,11,1094
13399,베스트 오브 미,마이클 호프만,메가박스중앙(주)플러스엠,2015-06-18,미국,드라마,15세이상관람가,상업영화,일반영화,115분 57초,미셸 모나한,제임스 마스던,라이아나 리버라토,3,3,978,6,1476
13196,올 이즈 로스트,J.C 챈더,유니버설픽쳐스인터내셔널 코리아(유),2013-11-07,미국,드라마,12세이상관람가,다양성영화,예술영화,106분 0초,로버트 레드포드,NA,NA,1,1,183,11,961
13130,블랙버드,지나 프린스-바이스우드,(주)영화사 빅,2015-01-28,미국,드라마,15세이상관람가,다양성영화,예술영화,116분 6초,구구 바샤-로,네이트 파커,미니 드라이버,1,3,402,1,2670
12866,원스 어게인,"카를로 미라벨라 데이비스,크리스 답킨스,닉 어거스트 페르나",(주)영화사 진진,2012-01-12,미국,드라마,12세이상관람가,다양성영화,예술영화,88분 0초,글렌 하사드,마르케타 이글로바,NA,1,1,66,1,882
12831,세이빙 미스터 뱅크스,존 리 행콕,소니픽쳐스릴리징월트디즈니스튜디오스코리아(주),2014-04-03,미국,코미디,12세이상관람가,상업영화,일반영화,125분 15초,톰 행크스,엠마 톰슨,콜린 파렐,9,10,126,4,993
12827,킥 애스 2 : 겁없는 녀석들,제프 와드로,유니버설픽쳐스인터내셔널 코리아(유),2013-10-17,미국,액션,청소년관람불가,상업영화,일반영화,102분 57초,클로이 모레츠,애런 존슨,짐 캐리,1,1,224,10,1970
12804,트윈스터즈,"사만다 푸터먼,라이언 미야모토",CGV아트하우스,2016-03-03,미국,다큐멘터리,12세이상관람가,다양성영화,예술영화,88분 50초,사만다 푸터먼,아나이스 보르디에,NA,6,24,2389,3,1045
12685,럼 다이어리,브루스 로빈슨,(주)마인스 엔터테인먼트,2012-09-20,미국,코미디,청소년관람불가,상업영화,일반영화,120분 0초,조니 뎁,아론 에크하트,엠버 허드,1,2,355,9,2225
12557,브로큰 시티,알렌 휴즈,(주)팝파트너스,2013-04-04,미국,범죄,15세이상관람가,상업영화,일반영화,108분 8초,러셀 크로우,캐서린 제타-존스,마크 월버그,2,4,784,4,1852
12465,미스터 라잇,파코 카베자스,(주)누리픽쳐스,2016-06-16,미국,액션,청소년관람불가,상업영화,일반영화,95분 18초,안나 켄드릭,샘 록웰,팀 로스,1,1,188,6,1485
12032,스코어: 영화음악의 모든 것,맷 슈레이더,(주)라이크 콘텐츠,2017-10-19,미국,다큐멘터리,전체관람가,다양성영화,예술영화,92분 44초,NA,NA,NA,1,2,542,10,355
12031,디태치먼트,토니 케이,(주)프레인글로벌,2014-05-08,미국,드라마,청소년관람불가,다양성영화,예술영화,97분 20초,애드리언 브로디,마샤 게이 하든,크리스티나 헨드릭스,3,21,702,5,1310
11974,세션 : 이 남자가 사랑하는 법,벤 루윈,이십세기폭스코리아(주),2013-01-17,미국,드라마,청소년관람불가,다양성영화,예술영화,95분 0초,존 혹스,헬렌 헌트,윌리엄 H. 머시,2,8,1587,1,680
11939,래빗 홀,존 카메론 밋첼,프리비젼엔터테인먼트,2011-12-22,미국,드라마,15세이상관람가,다양성영화,예술영화,91분 0초,니콜 키드먼,아론 에크하트,NA,2,8,987,12,349
11823,윈터스 본,데브라 그래닉,"씨제이엔터테인먼트,씨제이 씨지브이(CJ CGV)(주)",2011-01-20,미국,스릴러,청소년관람불가,다양성영화,예술영화,100분 0초,제니퍼 로렌스,NA,NA,1,2,34,1,632
11774,돈 존,조셉 고든 레빗,(주)미디어데이,2014-01-09,미국,코미디,청소년관람불가,다양성영화,예술영화,89분 50초,조셉 고든 레빗,스칼렛 요한슨,줄리안 무어,2,6,820,1,1182
11662,썸니아,마이크 플래너건,(주)박수엔터테인먼트,2016-05-25,미국,판타지,15세이상관람가,다양성영화,예술영화,96분 34초,케이트 보스워스,토마스 제인,제이콥 트렘블레이,2,4,644,5,1234
11628,"러브, 어게인",핼리 메이어스-샤이어,(주)이수C&E,2017-11-16,미국,드라마,12세이상관람가,다양성영화,예술영화,97분 0초,리즈 위더스푼,마이클 쉰,피코 알렉산더,2,10,559,11,1463
11557,주키퍼스 와이프,니키 카로,(주)영화사 빅,2017-10-12,미국,드라마,12세이상관람가,다양성영화,예술영화,126분 17초,제시카 차스테인,다니엘 브륄,요한 헬덴베르그,10,49,1994,10,777
11164,마일스,돈 치들,(주)영화사 빅,2016-08-10,미국,드라마,청소년관람불가,다양성영화,예술영화,100분 7초,돈 치들,이완 맥그리거,마이클 스털버그,2,7,837,8,617
11130,익스트림 No.13,겔라 바블루아니,(주)팝파트너스,2012-10-03,미국,스릴러,청소년관람불가,상업영화,일반영화,90분 0초,제이슨 스타뎀,알렉산더 스카스가드,미키 루크,3,6,1278,10,117
11048,블러바드,디토 몬티엘,"(주)씨타마운틴픽쳐스,TCO(주)더콘텐츠온",2015-08-13,미국,드라마,15세이상관람가,다양성영화,예술영화,88분 14초,로빈 윌리엄스,로베르토 어과이어,캐시 베이커,3,3,599,8,407
11038,내가 죽기 전에,"제이슨 프리먼,토드 E. 프리먼",제인앤유,2017-12-21,미국,공포(호러),15세이상관람가,상업영화,일반영화,112분 30초,로버트 맥키헨,NA,NA,2,4,1141,12,945
10985,엔드 오브 왓치,데이비드 에이어,(주)인벤트스톤,2012-12-06,미국,범죄,청소년관람불가,상업영화,일반영화,109분 0초,제이크 질렌할,마이클 페나,NA,4,6,1210,12,1274
10910,써드 퍼슨 - 감독판,폴 해기스,(주)프레인글로벌,2015-05-28,미국,드라마,청소년관람불가,다양성영화,예술영화,121분 59초,리암 니슨,밀라 쿠니스,애드리언 브로디,6,9,1326,5,1442
10895,비지터,토마스 맥카시,프리비젼엔터테인먼트,2012-11-08,미국,드라마,전체관람가,다양성영화,예술영화,104분 0초,리차드 젠킨스,하즈 슬레이만,다네이 거라이라,3,41,2463,11,363
10850,라이크 크레이지,드레이크 도레무스,(주)팝엔터테인먼트,2018-05-30,미국,드라마,12세이상관람가,다양성영화,예술영화,90분 1초,안톤 옐친,펠리시티 존스,제니퍼 로렌스,2,5,859,5,2030
10842,아이스맨,아리엘 브로멘,스크린조이,2014-03-27,미국,범죄,청소년관람불가,상업영화,일반영화,105분 25초,크리스 에반스,마이클 섀넌,위노나 라이더,2,14,2058,3,1379
10823,말리,케빈 맥도널드,CGV아트하우스,2012-08-02,미국,드라마,12세이상관람가,다양성영화,예술영화,120분 0초,NA,NA,NA,1,4,250,8,347
10654,파라노만,"샘 펠,크리스 버틀러",유니버설픽쳐스인터내셔널 코리아(유),2013-02-07,미국,애니메이션,12세이상관람가,상업영화,일반영화,93분 0초,레슬리 만,안나 켄드릭,케이시 애플렉,3,5,922,2,413
10615,미래는 고양이처럼,미란다 줄리,(주)티캐스트,2012-05-17,미국,드라마,청소년관람불가,다양성영화,예술영화,91분 0초,미란다 줄리,해미쉬 링클레이터,데이빗 워숍스키,1,2,428,5,391
10555,유아 넥스트,아담 윈가드,㈜영화사 백두대간,2014-08-07,미국,공포(호러),청소년관람불가,다양성영화,예술영화,94분 0초,샤니 빈슨,AJ 보웬,조 스완버그,5,10,2159,8,1822
10458,밤쉘,알렉산드라 딘,(주)영화사 그램,2018-06-07,미국,다큐멘터리,15세이상관람가,다양성영화,예술영화,88분 17초,헤디 라머,수잔 서랜든,NA,7,18,815,6,394
10379,로봇 앤 프랭크,제이크 슈레이어,(주)마인스 엔터테인먼트,2013-01-17,미국,코미디,12세이상관람가,다양성영화,예술영화,89분 0초,프랭크 란젤라,제임스 마스던,리브 타일러,7,37,6587,1,415
10366,빅토리아 & 압둘,스티븐 프리어스,유니버설픽쳐스인터내셔널 코리아(유),2017-10-25,미국,드라마,12세이상관람가,다양성영화,예술영화,111분 36초,주디 덴치,NA,NA,1,2,226,10,1022
10328,당신에게도 사랑이 다시 찾아올까요?,가브리엘 무치노,(주)영화사 빅,2013-10-17,미국,멜로/로맨스,15세이상관람가,상업영화,일반영화,101분 57초,제라드 버틀러,제시카 비엘,우마 서먼,2,3,690,10,1673
10261,"아이, 토냐",크레이그 질레스피,"(주)영화사 진진,(주)누리픽쳐스",2018-03-08,미국,드라마,청소년관람불가,다양성영화,예술영화,119분 48초,마고 로비,세바스찬 스탠,앨리슨 제니,12,36,4140,3,1355
10119,드래프트 데이,이반 라이트만,(주)영화사 빅,2014-07-10,미국,드라마,12세이상관람가,상업영화,일반영화,109분 53초,케빈 코스트너,제니퍼 가너,NA,81,178,2474,7,794
